GMO15BU0704004;0015B250161;FRAIZ BLACK;GUMMO,MALE,BAGS,2;ALL;BLACK;#000000;175000;1;20;FRAIZ BLACK;FRAIZ BLACK;0;GUMMO MALE BAGSFRAIZ BLACK;GUMMO UNISEX BAGSFRAIZ BLACK;GUMMO-UNISEX-BAGSFRAIZ-BLACK
1402510401002;0014B270001;MULLEN KIDS LS RED-WHITE PLAID;GUMMO,BOY KID,SHIRTS,2;S;MULTI COLOUR;#000000;145000;1;1;MULLEN KIDS LS RED-WHITE PLAID;MULLEN KIDS LS RED-WHITE PLAID;0;GUMMO BOY KID SHIRTSMULLEN KIDS LS REDWHITE PLAID;GUMMO BOY KID SHIRTSMULLEN KIDS LS REDWHITE PLAID;GUMMO-BOY-KID-SHIRTSMULLEN-KIDS-LS-RED-WHITE-PLAID
1402510401002;0014B270002;MULLEN KIDS LS RED-WHITE PLAID;GUMMO,BOY KID,SHIRTS,2;M;MULTI COLOUR;#000000;145000;1;2;MULLEN KIDS LS RED-WHITE PLAID;MULLEN KIDS LS RED-WHITE PLAID;0;GUMMO BOY KID SHIRTSMULLEN KIDS LS REDWHITE PLAID;GUMMO BOY KID SHIRTSMULLEN KIDS LS REDWHITE PLAID;GUMMO-BOY-KID-SHIRTSMULLEN-KIDS-LS-RED-WHITE-PLAID
1402510401002;0014B270003;MULLEN KIDS LS RED-WHITE PLAID;GUMMO,BOY KID,SHIRTS,2;L;MULTI COLOUR;#000000;145000;1;2;MULLEN KIDS LS RED-WHITE PLAID;MULLEN KIDS LS RED-WHITE PLAID;0;GUMMO BOY KID SHIRTSMULLEN KIDS LS REDWHITE PLAID;GUMMO BOY KID SHIRTSMULLEN KIDS LS REDWHITE PLAID;GUMMO-BOY-KID-SHIRTSMULLEN-KIDS-LS-RED-WHITE-PLAID
1402510401002;0014B270004;MULLEN KIDS LS RED-WHITE PLAID;GUMMO,BOY KID,SHIRTS,2;XL;MULTI COLOUR;#000000;145000;1;1;MULLEN KIDS LS RED-WHITE PLAID;MULLEN KIDS LS RED-WHITE PLAID;0;GUMMO BOY KID SHIRTSMULLEN KIDS LS REDWHITE PLAID;GUMMO BOY KID SHIRTSMULLEN KIDS LS REDWHITE PLAID;GUMMO-BOY-KID-SHIRTSMULLEN-KIDS-LS-RED-WHITE-PLAID
GMO15BM0401007;0015B260061;TOPPER LS BROWN;GUMMO,MALE,SHIRTS,2;S;BROWN;#000000;200000;1;6;TOPPER LS BROWN;TOPPER LS BROWN;0;GUMMO MALE SHIRTSTOPPER LS BROWN;GUMMO MALE SHIRTSTOPPER LS BROWN;GUMMO-MALE-SHIRTSTOPPER-LS-BROWN
GMO15BM0401007;0015B260062;TOPPER LS BROWN;GUMMO,MALE,SHIRTS,2;M;BROWN;#000000;200000;1;11;TOPPER LS BROWN;TOPPER LS BROWN;0;GUMMO MALE SHIRTSTOPPER LS BROWN;GUMMO MALE SHIRTSTOPPER LS BROWN;GUMMO-MALE-SHIRTSTOPPER-LS-BROWN
GMO15BM0401007;0015B260063;TOPPER LS BROWN;GUMMO,MALE,SHIRTS,2;L;BROWN;#000000;200000;1;6;TOPPER LS BROWN;TOPPER LS BROWN;0;GUMMO MALE SHIRTSTOPPER LS BROWN;GUMMO MALE SHIRTSTOPPER LS BROWN;GUMMO-MALE-SHIRTSTOPPER-LS-BROWN
GMO15BM0401007;0015B260064;TOPPER LS BROWN;GUMMO,MALE,SHIRTS,2;XL;BROWN;#000000;200000;1;1;TOPPER LS BROWN;TOPPER LS BROWN;0;GUMMO MALE SHIRTSTOPPER LS BROWN;GUMMO MALE SHIRTSTOPPER LS BROWN;GUMMO-MALE-SHIRTSTOPPER-LS-BROWN
GMO15BM0401008;0015B260071;DAKOVA LS NAVY-WHITE MINI GRID;GUMMO,MALE,SHIRTS,2;S;MULTI COLOUR;#000000;200000;1;6;DAKOVA LS NAVY-WHITE MINI GRID;DAKOVA LS NAVY-WHITE MINI GRID;0;GUMMO MALE SHIRTSDAKOVA LS NAVYWHITE MINI GRID;GUMMO MALE SHIRTSDAKOVA LS NAVYWHITE MINI GRID;GUMMO-MALE-SHIRTSDAKOVA-LS-NAVY-WHITE-MINI-GRID
GMO15BM0401008;0015B260072;DAKOVA LS NAVY-WHITE MINI GRID;GUMMO,MALE,SHIRTS,2;M;MULTI COLOUR;#000000;200000;1;12;DAKOVA LS NAVY-WHITE MINI GRID;DAKOVA LS NAVY-WHITE MINI GRID;0;GUMMO MALE SHIRTSDAKOVA LS NAVYWHITE MINI GRID;GUMMO MALE SHIRTSDAKOVA LS NAVYWHITE MINI GRID;GUMMO-MALE-SHIRTSDAKOVA-LS-NAVY-WHITE-MINI-GRID
GMO15BM0401008;0015B260073;DAKOVA LS NAVY-WHITE MINI GRID;GUMMO,MALE,SHIRTS,2;L;MULTI COLOUR;#000000;200000;1;6;DAKOVA LS NAVY-WHITE MINI GRID;DAKOVA LS NAVY-WHITE MINI GRID;0;GUMMO MALE SHIRTSDAKOVA LS NAVYWHITE MINI GRID;GUMMO MALE SHIRTSDAKOVA LS NAVYWHITE MINI GRID;GUMMO-MALE-SHIRTSDAKOVA-LS-NAVY-WHITE-MINI-GRID
GMO15BM0401008;0015B260074;DAKOVA LS NAVY-WHITE MINI GRID;GUMMO,MALE,SHIRTS,2;XL;MULTI COLOUR;#000000;200000;1;1;DAKOVA LS NAVY-WHITE MINI GRID;DAKOVA LS NAVY-WHITE MINI GRID;0;GUMMO MALE SHIRTSDAKOVA LS NAVYWHITE MINI GRID;GUMMO MALE SHIRTSDAKOVA LS NAVYWHITE MINI GRID;GUMMO-MALE-SHIRTSDAKOVA-LS-NAVY-WHITE-MINI-GRID
GMO15BM0402004;0015B260066;TOPPER SS BROWN;GUMMO,MALE,SHIRTS,2;S;BROWN;#000000;195000;1;5;TOPPER SS BROWN;TOPPER SS BROWN;0;GUMMO MALE SHIRTSTOPPER SS BROWN;GUMMO MALE SHIRTSTOPPER SS BROWN;GUMMO-MALE-SHIRTSTOPPER-SS-BROWN
GMO15BM0402004;0015B260067;TOPPER SS BROWN;GUMMO,MALE,SHIRTS,2;M;BROWN;#000000;195000;1;10;TOPPER SS BROWN;TOPPER SS BROWN;0;GUMMO MALE SHIRTSTOPPER SS BROWN;GUMMO MALE SHIRTSTOPPER SS BROWN;GUMMO-MALE-SHIRTSTOPPER-SS-BROWN
GMO15BM0402004;0015B260068;TOPPER SS BROWN;GUMMO,MALE,SHIRTS,2;L;BROWN;#000000;195000;1;6;TOPPER SS BROWN;TOPPER SS BROWN;0;GUMMO MALE SHIRTSTOPPER SS BROWN;GUMMO MALE SHIRTSTOPPER SS BROWN;GUMMO-MALE-SHIRTSTOPPER-SS-BROWN
GMO15BM0402004;0015B260069;TOPPER SS BROWN;GUMMO,MALE,SHIRTS,2;XL;BROWN;#000000;195000;1;1;TOPPER SS BROWN;TOPPER SS BROWN;0;GUMMO MALE SHIRTSTOPPER SS BROWN;GUMMO MALE SHIRTSTOPPER SS BROWN;GUMMO-MALE-SHIRTSTOPPER-SS-BROWN
GMO15CM0101002;0015C020006;FOX WAR SS WHITE;GUMMO,MALE,T-SHIRTS,1;S;WHITE;#000000;100000;1;3;FOX WAR SS WHITE;FOX WAR SS WHITE;0;GUMMO MALE TSHIRTSFOX WAR SS WHITE;GUMMO MALE TSHIRTSFOX WAR SS WHITE;GUMMO-MALE-T-SHIRTSFOX-WAR-SS-WHITE
GMO15CM0101002;0015C020007;FOX WAR SS WHITE;GUMMO,MALE,T-SHIRTS,1;M;WHITE;#000000;100000;1;5;FOX WAR SS WHITE;FOX WAR SS WHITE;0;GUMMO MALE TSHIRTSFOX WAR SS WHITE;GUMMO MALE TSHIRTSFOX WAR SS WHITE;GUMMO-MALE-T-SHIRTSFOX-WAR-SS-WHITE
GMO15CM0101002;0015C020008;FOX WAR SS WHITE;GUMMO,MALE,T-SHIRTS,1;L;WHITE;#000000;100000;1;4;FOX WAR SS WHITE;FOX WAR SS WHITE;0;GUMMO MALE TSHIRTSFOX WAR SS WHITE;GUMMO MALE TSHIRTSFOX WAR SS WHITE;GUMMO-MALE-T-SHIRTSFOX-WAR-SS-WHITE
GMO15CM0101002;0015C020009;FOX WAR SS WHITE;GUMMO,MALE,T-SHIRTS,1;XL;WHITE;#000000;100000;1;1;FOX WAR SS WHITE;FOX WAR SS WHITE;0;GUMMO MALE TSHIRTSFOX WAR SS WHITE;GUMMO MALE TSHIRTSFOX WAR SS WHITE;GUMMO-MALE-T-SHIRTSFOX-WAR-SS-WHITE
1402111101001;0014B060072;BXR CIRCLE BLK RUB MISTY BLACK;GUMMO,MALE,UNDERWEAR,1;28;MISTY BLACK;#000000;60000;1;1;BXR CIRCLE BLK RUB MISTY BLACK;BXR CIRCLE BLK RUB MISTY BLACK;0;GUMMO MALE UNDERWEARBXR CIRCLE BLK RUB MISTY BLACK;GUMMO MALE UNDERWEARBXR CIRCLE BLK RUB MISTY BLACK;GUMMO-MALE-UNDERWEARBXR-CIRCLE-BLK-RUB-MISTY-BLACK
1402111101001;0014B060073;BXR CIRCLE BLK RUB MISTY BLACK;GUMMO,MALE,UNDERWEAR,1;30;MISTY BLACK;#000000;60000;1;2;BXR CIRCLE BLK RUB MISTY BLACK;BXR CIRCLE BLK RUB MISTY BLACK;0;GUMMO MALE UNDERWEARBXR CIRCLE BLK RUB MISTY BLACK;GUMMO MALE UNDERWEARBXR CIRCLE BLK RUB MISTY BLACK;GUMMO-MALE-UNDERWEARBXR-CIRCLE-BLK-RUB-MISTY-BLACK
1402111101001;0014B060074;BXR CIRCLE BLK RUB MISTY BLACK;GUMMO,MALE,UNDERWEAR,1;32;MISTY BLACK;#000000;60000;1;3;BXR CIRCLE BLK RUB MISTY BLACK;BXR CIRCLE BLK RUB MISTY BLACK;0;GUMMO MALE UNDERWEARBXR CIRCLE BLK RUB MISTY BLACK;GUMMO MALE UNDERWEARBXR CIRCLE BLK RUB MISTY BLACK;GUMMO-MALE-UNDERWEARBXR-CIRCLE-BLK-RUB-MISTY-BLACK
1402111101001;0014B060075;BXR CIRCLE BLK RUB MISTY BLACK;GUMMO,MALE,UNDERWEAR,1;34;MISTY BLACK;#000000;60000;1;1;BXR CIRCLE BLK RUB MISTY BLACK;BXR CIRCLE BLK RUB MISTY BLACK;0;GUMMO MALE UNDERWEARBXR CIRCLE BLK RUB MISTY BLACK;GUMMO MALE UNDERWEARBXR CIRCLE BLK RUB MISTY BLACK;GUMMO-MALE-UNDERWEARBXR-CIRCLE-BLK-RUB-MISTY-BLACK
1402111101002;0014B060077;BXR WARNING SKULL BLK RUB MISTY BLACK;GUMMO,MALE,UNDERWEAR,1;28;MISTY BLACK;#000000;60000;1;2;BXR WARNING SKULL BLK RUB MISTY BLACK;BXR WARNING SKULL BLK RUB MISTY BLACK;0;GUMMO MALE UNDERWEARBXR WARNING SKULL BLK RUB MISTY BLACK;GUMMO MALE UNDERWEARBXR WARNING SKULL BLK RUB MISTY BLACK;GUMMO-MALE-UNDERWEARBXR-WARNING-SKULL-BLK-RUB-MISTY-BLACK
1402111101002;0014B060078;BXR WARNING SKULL BLK RUB MISTY BLACK;GUMMO,MALE,UNDERWEAR,1;30;MISTY BLACK;#000000;60000;1;2;BXR WARNING SKULL BLK RUB MISTY BLACK;BXR WARNING SKULL BLK RUB MISTY BLACK;0;GUMMO MALE UNDERWEARBXR WARNING SKULL BLK RUB MISTY BLACK;GUMMO MALE UNDERWEARBXR WARNING SKULL BLK RUB MISTY BLACK;GUMMO-MALE-UNDERWEARBXR-WARNING-SKULL-BLK-RUB-MISTY-BLACK
1402111101002;0014B060079;BXR WARNING SKULL BLK RUB MISTY BLACK;GUMMO,MALE,UNDERWEAR,1;32;MISTY BLACK;#000000;60000;1;3;BXR WARNING SKULL BLK RUB MISTY BLACK;BXR WARNING SKULL BLK RUB MISTY BLACK;0;GUMMO MALE UNDERWEARBXR WARNING SKULL BLK RUB MISTY BLACK;GUMMO MALE UNDERWEARBXR WARNING SKULL BLK RUB MISTY BLACK;GUMMO-MALE-UNDERWEARBXR-WARNING-SKULL-BLK-RUB-MISTY-BLACK
1402111101002;0014B060080;BXR WARNING SKULL BLK RUB MISTY BLACK;GUMMO,MALE,UNDERWEAR,1;34;MISTY BLACK;#000000;60000;1;2;BXR WARNING SKULL BLK RUB MISTY BLACK;BXR WARNING SKULL BLK RUB MISTY BLACK;0;GUMMO MALE UNDERWEARBXR WARNING SKULL BLK RUB MISTY BLACK;GUMMO MALE UNDERWEARBXR WARNING SKULL BLK RUB MISTY BLACK;GUMMO-MALE-UNDERWEARBXR-WARNING-SKULL-BLK-RUB-MISTY-BLACK
RSC15BF0703002;0015B260037;SHOP BAG ISSUE BROWN KHAKI;RSCH,FEMALE,BAGS,2;ALL;MULTI COLOUR;#000000;180000;1;15;SHOP BAG ISSUE BROWN KHAKI;SHOP BAG ISSUE BROWN KHAKI;0;RSCH FEMALE BAGSSHOP BAG ISSUE BROWN KHAKI;RSCH FEMALE BAGSSHOP BAG ISSUE BROWN KHAKI;RSCH-FEMALE-BAGSSHOP-BAG-ISSUE-BROWN-KHAKI
RSC15BM0202004;0015B250146;HAMPFREY BLUEBLACK WSHDNM;RSCH,MALE,JACKETS,4;S;WASH DENIM;#000000;340000;1;3;HAMPFREY BLUEBLACK WSHDNM;HAMPFREY BLUEBLACK WSHDNM;0;RSCH MALE JACKETSHAMPFREY BLUEBLACK WSHDNM;RSCH MALE JACKETSHAMPFREY BLUEBLACK WSHDNM;RSCH-MALE-JACKETSHAMPFREY-BLUEBLACK-WSHDNM
RSC15BM0202004;0015B250147;HAMPFREY BLUEBLACK WSHDNM;RSCH,MALE,JACKETS,4;M;WASH DENIM;#000000;340000;1;7;HAMPFREY BLUEBLACK WSHDNM;HAMPFREY BLUEBLACK WSHDNM;0;RSCH MALE JACKETSHAMPFREY BLUEBLACK WSHDNM;RSCH MALE JACKETSHAMPFREY BLUEBLACK WSHDNM;RSCH-MALE-JACKETSHAMPFREY-BLUEBLACK-WSHDNM
RSC15BM0202004;0015B250148;HAMPFREY BLUEBLACK WSHDNM;RSCH,MALE,JACKETS,4;L;WASH DENIM;#000000;340000;1;8;HAMPFREY BLUEBLACK WSHDNM;HAMPFREY BLUEBLACK WSHDNM;0;RSCH MALE JACKETSHAMPFREY BLUEBLACK WSHDNM;RSCH MALE JACKETSHAMPFREY BLUEBLACK WSHDNM;RSCH-MALE-JACKETSHAMPFREY-BLUEBLACK-WSHDNM
RSC15BM0202004;0015B250149;HAMPFREY BLUEBLACK WSHDNM;RSCH,MALE,JACKETS,4;XL;WASH DENIM;#000000;340000;1;1;HAMPFREY BLUEBLACK WSHDNM;HAMPFREY BLUEBLACK WSHDNM;0;RSCH MALE JACKETSHAMPFREY BLUEBLACK WSHDNM;RSCH MALE JACKETSHAMPFREY BLUEBLACK WSHDNM;RSCH-MALE-JACKETSHAMPFREY-BLUEBLACK-WSHDNM
RSC15BM0202004;0015B250150;HAMPFREY BLUEBLACK WSHDNM;RSCH,MALE,JACKETS,4;XXL;WASH DENIM;#000000;340000;1;1;HAMPFREY BLUEBLACK WSHDNM;HAMPFREY BLUEBLACK WSHDNM;0;RSCH MALE JACKETSHAMPFREY BLUEBLACK WSHDNM;RSCH MALE JACKETSHAMPFREY BLUEBLACK WSHDNM;RSCH-MALE-JACKETSHAMPFREY-BLUEBLACK-WSHDNM
RSC15BM0901002;0015B260038;BRICH PLV BROWN;RSCH,MALE,KNITWEAR,2;S;BROWN;#000000;175000;1;3;BRICH PLV BROWN;BRICH PLV BROWN;0;RSCH MALE KNITWEARBRICH PLV BROWN;RSCH MALE KNITWEARBRICH PLV BROWN;RSCH-MALE-KNITWEARBRICH-PLV-BROWN
RSC15BM0901002;0015B260039;BRICH PLV BROWN;RSCH,MALE,KNITWEAR,2;M;BROWN;#000000;175000;1;8;BRICH PLV BROWN;BRICH PLV BROWN;0;RSCH MALE KNITWEARBRICH PLV BROWN;RSCH MALE KNITWEARBRICH PLV BROWN;RSCH-MALE-KNITWEARBRICH-PLV-BROWN
RSC15BM0901002;0015B260040;BRICH PLV BROWN;RSCH,MALE,KNITWEAR,2;L;BROWN;#000000;175000;1;6;BRICH PLV BROWN;BRICH PLV BROWN;0;RSCH MALE KNITWEARBRICH PLV BROWN;RSCH MALE KNITWEARBRICH PLV BROWN;RSCH-MALE-KNITWEARBRICH-PLV-BROWN
RSC15BM0901002;0015B260041;BRICH PLV BROWN;RSCH,MALE,KNITWEAR,2;XL;BROWN;#000000;175000;1;2;BRICH PLV BROWN;BRICH PLV BROWN;0;RSCH MALE KNITWEARBRICH PLV BROWN;RSCH MALE KNITWEARBRICH PLV BROWN;RSCH-MALE-KNITWEARBRICH-PLV-BROWN
RSC15BM0901003;0015B260057;BRITANIA PLV GREY-MISTY-NAVY-MAROON;RSCH,MALE,KNITWEAR,2;S;MULTI COLOUR;#000000;195000;1;4;BRITANIA PLV GREY-MISTY-NAVY-MAROON;BRITANIA PLV GREY-MISTY-NAVY-MAROON;0;RSCH MALE KNITWEARBRITANIA PLV GREYMISTYNAVYMAROON;RSCH MALE KNITWEARBRITANIA PLV GREYMISTYNAVYMAROON;RSCH-MALE-KNITWEARBRITANIA-PLV-GREY-MISTY-NAVY-MAROON
RSC15BM0901003;0015B260058;BRITANIA PLV GREY-MISTY-NAVY-MAROON;RSCH,MALE,KNITWEAR,2;M;MULTI COLOUR;#000000;195000;1;10;BRITANIA PLV GREY-MISTY-NAVY-MAROON;BRITANIA PLV GREY-MISTY-NAVY-MAROON;0;RSCH MALE KNITWEARBRITANIA PLV GREYMISTYNAVYMAROON;RSCH MALE KNITWEARBRITANIA PLV GREYMISTYNAVYMAROON;RSCH-MALE-KNITWEARBRITANIA-PLV-GREY-MISTY-NAVY-MAROON
RSC15BM0901003;0015B260059;BRITANIA PLV GREY-MISTY-NAVY-MAROON;RSCH,MALE,KNITWEAR,2;L;MULTI COLOUR;#000000;195000;1;8;BRITANIA PLV GREY-MISTY-NAVY-MAROON;BRITANIA PLV GREY-MISTY-NAVY-MAROON;0;RSCH MALE KNITWEARBRITANIA PLV GREYMISTYNAVYMAROON;RSCH MALE KNITWEARBRITANIA PLV GREYMISTYNAVYMAROON;RSCH-MALE-KNITWEARBRITANIA-PLV-GREY-MISTY-NAVY-MAROON
RSC15BM0901003;0015B260060;BRITANIA PLV GREY-MISTY-NAVY-MAROON;RSCH,MALE,KNITWEAR,2;XL;MULTI COLOUR;#000000;195000;1;1;BRITANIA PLV GREY-MISTY-NAVY-MAROON;BRITANIA PLV GREY-MISTY-NAVY-MAROON;0;RSCH MALE KNITWEARBRITANIA PLV GREYMISTYNAVYMAROON;RSCH MALE KNITWEARBRITANIA PLV GREYMISTYNAVYMAROON;RSCH-MALE-KNITWEARBRITANIA-PLV-GREY-MISTY-NAVY-MAROON
RSC15BF0401001;0015B260086;OWLLE LS NAVY ACIDWASH;RSCH,FEMALE,SHIRTS,2;S;WASH DENIM;#000000;195000;1;2;OWLLE LS NAVY ACIDWASH;OWLLE LS NAVY ACIDWASH;0;RSCH FEMALE SHIRTSOWLLE LS NAVY ACIDWASH;RSCH FEMALE SHIRTSOWLLE LS NAVY ACIDWASH;RSCH-FEMALE-SHIRTSOWLLE-LS-NAVY-ACIDWASH
RSC15BF0401001;0015B260087;OWLLE LS NAVY ACIDWASH;RSCH,FEMALE,SHIRTS,2;M;WASH DENIM;#000000;195000;1;6;OWLLE LS NAVY ACIDWASH;OWLLE LS NAVY ACIDWASH;0;RSCH FEMALE SHIRTSOWLLE LS NAVY ACIDWASH;RSCH FEMALE SHIRTSOWLLE LS NAVY ACIDWASH;RSCH-FEMALE-SHIRTSOWLLE-LS-NAVY-ACIDWASH
RSC15BF0401001;0015B260088;OWLLE LS NAVY ACIDWASH;RSCH,FEMALE,SHIRTS,2;L;WASH DENIM;#000000;195000;1;4;OWLLE LS NAVY ACIDWASH;OWLLE LS NAVY ACIDWASH;0;RSCH FEMALE SHIRTSOWLLE LS NAVY ACIDWASH;RSCH FEMALE SHIRTSOWLLE LS NAVY ACIDWASH;RSCH-FEMALE-SHIRTSOWLLE-LS-NAVY-ACIDWASH
RSC15BF0401001;0015B260089;OWLLE LS NAVY ACIDWASH;RSCH,FEMALE,SHIRTS,2;XL;WASH DENIM;#000000;195000;1;1;OWLLE LS NAVY ACIDWASH;OWLLE LS NAVY ACIDWASH;0;RSCH FEMALE SHIRTSOWLLE LS NAVY ACIDWASH;RSCH FEMALE SHIRTSOWLLE LS NAVY ACIDWASH;RSCH-FEMALE-SHIRTSOWLLE-LS-NAVY-ACIDWASH
RSC15BM0401007;0015B260081;HUSTLER LS MAROON-BLACK FLANNEL;RSCH,MALE,SHIRTS,3;S;FLANNEL;#000000;210000;1;6;HUSTLER LS MAROON-BLACK FLANNEL;HUSTLER LS MAROON-BLACK FLANNEL;0;RSCH MALE SHIRTSHUSTLER LS MAROONBLACK FLANNEL;RSCH MALE SHIRTSHUSTLER LS MAROONBLACK FLANNEL;RSCH-MALE-SHIRTSHUSTLER-LS-MAROON-BLACK-FLANNEL
RSC15BM0401007;0015B260082;HUSTLER LS MAROON-BLACK FLANNEL;RSCH,MALE,SHIRTS,3;M;FLANNEL;#000000;210000;1;10;HUSTLER LS MAROON-BLACK FLANNEL;HUSTLER LS MAROON-BLACK FLANNEL;0;RSCH MALE SHIRTSHUSTLER LS MAROONBLACK FLANNEL;RSCH MALE SHIRTSHUSTLER LS MAROONBLACK FLANNEL;RSCH-MALE-SHIRTSHUSTLER-LS-MAROON-BLACK-FLANNEL
RSC15BM0401007;0015B260083;HUSTLER LS MAROON-BLACK FLANNEL;RSCH,MALE,SHIRTS,3;L;FLANNEL;#000000;210000;1;8;HUSTLER LS MAROON-BLACK FLANNEL;HUSTLER LS MAROON-BLACK FLANNEL;0;RSCH MALE SHIRTSHUSTLER LS MAROONBLACK FLANNEL;RSCH MALE SHIRTSHUSTLER LS MAROONBLACK FLANNEL;RSCH-MALE-SHIRTSHUSTLER-LS-MAROON-BLACK-FLANNEL
RSC15BM0401007;0015B260084;HUSTLER LS MAROON-BLACK FLANNEL;RSCH,MALE,SHIRTS,3;XL;FLANNEL;#000000;210000;1;1;HUSTLER LS MAROON-BLACK FLANNEL;HUSTLER LS MAROON-BLACK FLANNEL;0;RSCH MALE SHIRTSHUSTLER LS MAROONBLACK FLANNEL;RSCH MALE SHIRTSHUSTLER LS MAROONBLACK FLANNEL;RSCH-MALE-SHIRTSHUSTLER-LS-MAROON-BLACK-FLANNEL
RSC14DM0103008;0014D140033;KIMA LS WHITE;RSCH,MALE,T-SHIRTS,2;S;WHITE;#000000;115000;1;2;KIMA LS WHITE;KIMA LS WHITE;0;RSCH MALE TSHIRTSKIMA LS WHITE;RSCH MALE TSHIRTSKIMA LS WHITE;RSCH-MALE-T-SHIRTSKIMA-LS-WHITE
RSC14DM0103008;0014D140034;KIMA LS WHITE;RSCH,MALE,T-SHIRTS,2;M;WHITE;#000000;115000;1;3;KIMA LS WHITE;KIMA LS WHITE;0;RSCH MALE TSHIRTSKIMA LS WHITE;RSCH MALE TSHIRTSKIMA LS WHITE;RSCH-MALE-T-SHIRTSKIMA-LS-WHITE
RSC14DM0103008;0014D140035;KIMA LS WHITE;RSCH,MALE,T-SHIRTS,2;L;WHITE;#000000;115000;1;2;KIMA LS WHITE;KIMA LS WHITE;0;RSCH MALE TSHIRTSKIMA LS WHITE;RSCH MALE TSHIRTSKIMA LS WHITE;RSCH-MALE-T-SHIRTSKIMA-LS-WHITE
RSC14LM0101046;0014L230035;JPN SS CHARCOAL;RSCH,MALE,T-SHIRTS,1;S;CHARCOAL;#000000;95000;1;5;JPN SS CHARCOAL;JPN SS CHARCOAL;0;RSCH MALE TSHIRTSJPN SS CHARCOAL;RSCH MALE TSHIRTSJPN SS CHARCOAL;RSCH-MALE-T-SHIRTSJPN-SS-CHARCOAL
RSC14LM0101046;0014L230036;JPN SS CHARCOAL;RSCH,MALE,T-SHIRTS,1;M;CHARCOAL;#000000;95000;1;10;JPN SS CHARCOAL;JPN SS CHARCOAL;0;RSCH MALE TSHIRTSJPN SS CHARCOAL;RSCH MALE TSHIRTSJPN SS CHARCOAL;RSCH-MALE-T-SHIRTSJPN-SS-CHARCOAL
RSC14LM0101046;0014L230037;JPN SS CHARCOAL;RSCH,MALE,T-SHIRTS,1;L;CHARCOAL;#000000;95000;1;8;JPN SS CHARCOAL;JPN SS CHARCOAL;0;RSCH MALE TSHIRTSJPN SS CHARCOAL;RSCH MALE TSHIRTSJPN SS CHARCOAL;RSCH-MALE-T-SHIRTSJPN-SS-CHARCOAL
RSC14LM0101046;0014L230038;JPN SS CHARCOAL;RSCH,MALE,T-SHIRTS,1;XL;CHARCOAL;#000000;95000;1;2;JPN SS CHARCOAL;JPN SS CHARCOAL;0;RSCH MALE TSHIRTSJPN SS CHARCOAL;RSCH MALE TSHIRTSJPN SS CHARCOAL;RSCH-MALE-T-SHIRTSJPN-SS-CHARCOAL
RSC15BM0101049;0015B250106;HOLEY SS MISTY M81;RSCH,MALE,T-SHIRTS,1;S;MISTY BLACK;#000000;100000;1;5;HOLEY SS MISTY M81;HOLEY SS MISTY M81;0;RSCH MALE TSHIRTSHOLEY SS MISTY M81;RSCH MALE TSHIRTSHOLEY SS MISTY M81;RSCH-MALE-T-SHIRTSHOLEY-SS-MISTY-M81
RSC15BM0101049;0015B250107;HOLEY SS MISTY M81;RSCH,MALE,T-SHIRTS,1;M;MISTY BLACK;#000000;100000;1;10;HOLEY SS MISTY M81;HOLEY SS MISTY M81;0;RSCH MALE TSHIRTSHOLEY SS MISTY M81;RSCH MALE TSHIRTSHOLEY SS MISTY M81;RSCH-MALE-T-SHIRTSHOLEY-SS-MISTY-M81
RSC15BM0101049;0015B250108;HOLEY SS MISTY M81;RSCH,MALE,T-SHIRTS,1;L;MISTY BLACK;#000000;100000;1;8;HOLEY SS MISTY M81;HOLEY SS MISTY M81;0;RSCH MALE TSHIRTSHOLEY SS MISTY M81;RSCH MALE TSHIRTSHOLEY SS MISTY M81;RSCH-MALE-T-SHIRTSHOLEY-SS-MISTY-M81
RSC15BM0101049;0015B250109;HOLEY SS MISTY M81;RSCH,MALE,T-SHIRTS,1;XL;MISTY BLACK;#000000;100000;1;2;HOLEY SS MISTY M81;HOLEY SS MISTY M81;0;RSCH MALE TSHIRTSHOLEY SS MISTY M81;RSCH MALE TSHIRTSHOLEY SS MISTY M81;RSCH-MALE-T-SHIRTSHOLEY-SS-MISTY-M81
RSC15BM0101050;0015B250111;TRAVESTY SS MISTY M81;RSCH,MALE,T-SHIRTS,1;S;MISTY BLACK;#000000;100000;1;6;TRAVESTY SS MISTY M81;TRAVESTY SS MISTY M81;0;RSCH MALE TSHIRTSTRAVESTY SS MISTY M81;RSCH MALE TSHIRTSTRAVESTY SS MISTY M81;RSCH-MALE-T-SHIRTSTRAVESTY-SS-MISTY-M81
RSC15BM0101050;0015B250112;TRAVESTY SS MISTY M81;RSCH,MALE,T-SHIRTS,1;M;MISTY BLACK;#000000;100000;1;12;TRAVESTY SS MISTY M81;TRAVESTY SS MISTY M81;0;RSCH MALE TSHIRTSTRAVESTY SS MISTY M81;RSCH MALE TSHIRTSTRAVESTY SS MISTY M81;RSCH-MALE-T-SHIRTSTRAVESTY-SS-MISTY-M81
RSC15BM0101050;0015B250113;TRAVESTY SS MISTY M81;RSCH,MALE,T-SHIRTS,1;L;MISTY BLACK;#000000;100000;1;10;TRAVESTY SS MISTY M81;TRAVESTY SS MISTY M81;0;RSCH MALE TSHIRTSTRAVESTY SS MISTY M81;RSCH MALE TSHIRTSTRAVESTY SS MISTY M81;RSCH-MALE-T-SHIRTSTRAVESTY-SS-MISTY-M81
RSC15BM0101050;0015B250114;TRAVESTY SS MISTY M81;RSCH,MALE,T-SHIRTS,1;XL;MISTY BLACK;#000000;100000;1;2;TRAVESTY SS MISTY M81;TRAVESTY SS MISTY M81;0;RSCH MALE TSHIRTSTRAVESTY SS MISTY M81;RSCH MALE TSHIRTSTRAVESTY SS MISTY M81;RSCH-MALE-T-SHIRTSTRAVESTY-SS-MISTY-M81
RSC15BM0101052;0015B260006;JPN SS SKY BLUE;RSCH,MALE,T-SHIRTS,1;S;BLUE;#000000;100000;1;2;JPN SS SKY BLUE;JPN SS SKY BLUE;0;RSCH MALE TSHIRTSJPN SS SKY BLUE;RSCH MALE TSHIRTSJPN SS SKY BLUE;RSCH-MALE-T-SHIRTSJPN-SS-SKY-BLUE
RSC15BM0101052;0015B260007;JPN SS SKY BLUE;RSCH,MALE,T-SHIRTS,1;M;BLUE;#000000;100000;1;5;JPN SS SKY BLUE;JPN SS SKY BLUE;0;RSCH MALE TSHIRTSJPN SS SKY BLUE;RSCH MALE TSHIRTSJPN SS SKY BLUE;RSCH-MALE-T-SHIRTSJPN-SS-SKY-BLUE
RSC15BM0101052;0015B260008;JPN SS SKY BLUE;RSCH,MALE,T-SHIRTS,1;L;BLUE;#000000;100000;1;3;JPN SS SKY BLUE;JPN SS SKY BLUE;0;RSCH MALE TSHIRTSJPN SS SKY BLUE;RSCH MALE TSHIRTSJPN SS SKY BLUE;RSCH-MALE-T-SHIRTSJPN-SS-SKY-BLUE
RSC15BM0101055;0015B260021;TRUE&SANS SS DRK GREEN;RSCH,MALE,T-SHIRTS,1;S;GREEN;#000000;100000;1;5;TRUE&SANS SS DRK GREEN;TRUE&SANS SS DRK GREEN;0;RSCH MALE TSHIRTSTRUE&SANS SS DRK GREEN;RSCH MALE TSHIRTSTRUE&SANS SS DRK GREEN;RSCH-MALE-T-SHIRTSTRUE&SANS-SS-DRK-GREEN
RSC15BM0101055;0015B260022;TRUE&SANS SS DRK GREEN;RSCH,MALE,T-SHIRTS,1;M;GREEN;#000000;100000;1;10;TRUE&SANS SS DRK GREEN;TRUE&SANS SS DRK GREEN;0;RSCH MALE TSHIRTSTRUE&SANS SS DRK GREEN;RSCH MALE TSHIRTSTRUE&SANS SS DRK GREEN;RSCH-MALE-T-SHIRTSTRUE&SANS-SS-DRK-GREEN
RSC15BM0101055;0015B260023;TRUE&SANS SS DRK GREEN;RSCH,MALE,T-SHIRTS,1;L;GREEN;#000000;100000;1;8;TRUE&SANS SS DRK GREEN;TRUE&SANS SS DRK GREEN;0;RSCH MALE TSHIRTSTRUE&SANS SS DRK GREEN;RSCH MALE TSHIRTSTRUE&SANS SS DRK GREEN;RSCH-MALE-T-SHIRTSTRUE&SANS-SS-DRK-GREEN
RSC15BM0101055;0015B260024;TRUE&SANS SS DRK GREEN;RSCH,MALE,T-SHIRTS,1;XL;GREEN;#000000;100000;1;2;TRUE&SANS SS DRK GREEN;TRUE&SANS SS DRK GREEN;0;RSCH MALE TSHIRTSTRUE&SANS SS DRK GREEN;RSCH MALE TSHIRTSTRUE&SANS SS DRK GREEN;RSCH-MALE-T-SHIRTSTRUE&SANS-SS-DRK-GREEN
RSC15BM0101056;0015B260042;SEAFARER SS NAVY-WHITE STRIPES;RSCH,MALE,T-SHIRTS,2;S;MULTI COLOUR;#000000;105000;1;2;SEAFARER SS NAVY-WHITE STRIPES;SEAFARER SS NAVY-WHITE STRIPES;0;RSCH MALE TSHIRTSSEAFARER SS NAVYWHITE STRIPES;RSCH MALE TSHIRTSSEAFARER SS NAVYWHITE STRIPES;RSCH-MALE-T-SHIRTSSEAFARER-SS-NAVY-WHITE-STRIPES
RSC15BM0101056;0015B260043;SEAFARER SS NAVY-WHITE STRIPES;RSCH,MALE,T-SHIRTS,2;M;MULTI COLOUR;#000000;105000;1;6;SEAFARER SS NAVY-WHITE STRIPES;SEAFARER SS NAVY-WHITE STRIPES;0;RSCH MALE TSHIRTSSEAFARER SS NAVYWHITE STRIPES;RSCH MALE TSHIRTSSEAFARER SS NAVYWHITE STRIPES;RSCH-MALE-T-SHIRTSSEAFARER-SS-NAVY-WHITE-STRIPES
RSC15BM0101056;0015B260044;SEAFARER SS NAVY-WHITE STRIPES;RSCH,MALE,T-SHIRTS,2;L;MULTI COLOUR;#000000;105000;1;2;SEAFARER SS NAVY-WHITE STRIPES;SEAFARER SS NAVY-WHITE STRIPES;0;RSCH MALE TSHIRTSSEAFARER SS NAVYWHITE STRIPES;RSCH MALE TSHIRTSSEAFARER SS NAVYWHITE STRIPES;RSCH-MALE-T-SHIRTSSEAFARER-SS-NAVY-WHITE-STRIPES
RSC15BM0101057;0015B260047;SEAFARER SS ROYAL BLUE-WHITE STRIPES;RSCH,MALE,T-SHIRTS,2;S;MULTI COLOUR;#000000;105000;1;2;SEAFARER SS ROYAL BLUE-WHITE STRIPES;SEAFARER SS ROYAL BLUE-WHITE STRIPES;0;RSCH MALE TSHIRTSSEAFARER SS ROYAL BLUEWHITE STRIPES;RSCH MALE TSHIRTSSEAFARER SS ROYAL BLUEWHITE STRIPES;RSCH-MALE-T-SHIRTSSEAFARER-SS-ROYAL-BLUE-WHITE-STRIPES
RSC15BM0101057;0015B260048;SEAFARER SS ROYAL BLUE-WHITE STRIPES;RSCH,MALE,T-SHIRTS,2;M;MULTI COLOUR;#000000;105000;1;7;SEAFARER SS ROYAL BLUE-WHITE STRIPES;SEAFARER SS ROYAL BLUE-WHITE STRIPES;0;RSCH MALE TSHIRTSSEAFARER SS ROYAL BLUEWHITE STRIPES;RSCH MALE TSHIRTSSEAFARER SS ROYAL BLUEWHITE STRIPES;RSCH-MALE-T-SHIRTSSEAFARER-SS-ROYAL-BLUE-WHITE-STRIPES
RSC15BM0101057;0015B260049;SEAFARER SS ROYAL BLUE-WHITE STRIPES;RSCH,MALE,T-SHIRTS,2;L;MULTI COLOUR;#000000;105000;1;2;SEAFARER SS ROYAL BLUE-WHITE STRIPES;SEAFARER SS ROYAL BLUE-WHITE STRIPES;0;RSCH MALE TSHIRTSSEAFARER SS ROYAL BLUEWHITE STRIPES;RSCH MALE TSHIRTSSEAFARER SS ROYAL BLUEWHITE STRIPES;RSCH-MALE-T-SHIRTSSEAFARER-SS-ROYAL-BLUE-WHITE-STRIPES
RSC15BM0101058;0015B260052;SEAFARER SS GREY-YELLOW STRIPES;RSCH,MALE,T-SHIRTS,2;S;MULTI COLOUR;#000000;105000;1;2;SEAFARER SS GREY-YELLOW STRIPES;SEAFARER SS GREY-YELLOW STRIPES;0;RSCH MALE TSHIRTSSEAFARER SS GREYYELLOW STRIPES;RSCH MALE TSHIRTSSEAFARER SS GREYYELLOW STRIPES;RSCH-MALE-T-SHIRTSSEAFARER-SS-GREY-YELLOW-STRIPES
RSC15BM0101058;0015B260053;SEAFARER SS GREY-YELLOW STRIPES;RSCH,MALE,T-SHIRTS,2;M;MULTI COLOUR;#000000;105000;1;5;SEAFARER SS GREY-YELLOW STRIPES;SEAFARER SS GREY-YELLOW STRIPES;0;RSCH MALE TSHIRTSSEAFARER SS GREYYELLOW STRIPES;RSCH MALE TSHIRTSSEAFARER SS GREYYELLOW STRIPES;RSCH-MALE-T-SHIRTSSEAFARER-SS-GREY-YELLOW-STRIPES
RSC15BM0101058;0015B260054;SEAFARER SS GREY-YELLOW STRIPES;RSCH,MALE,T-SHIRTS,2;L;MULTI COLOUR;#000000;105000;1;2;SEAFARER SS GREY-YELLOW STRIPES;SEAFARER SS GREY-YELLOW STRIPES;0;RSCH MALE TSHIRTSSEAFARER SS GREYYELLOW STRIPES;RSCH MALE TSHIRTSSEAFARER SS GREYYELLOW STRIPES;RSCH-MALE-T-SHIRTSSEAFARER-SS-GREY-YELLOW-STRIPES
RSC15BM0105001;0015B260026;SKEW LRS WHITE-ARMY GREEN;RSCH,MALE,T-SHIRTS,2;S;WHITE;#000000;125000;1;4;SKEW LRS WHITE-ARMY GREEN;SKEW LRS WHITE-ARMY GREEN;0;RSCH MALE TSHIRTSSKEW LRS WHITEARMY GREEN;RSCH MALE TSHIRTSSKEW LRS WHITEARMY GREEN;RSCH-MALE-T-SHIRTSSKEW-LRS-WHITE-ARMY-GREEN
RSC15BM0105001;0015B260027;SKEW LRS WHITE-ARMY GREEN;RSCH,MALE,T-SHIRTS,2;M;WHITE;#000000;125000;1;11;SKEW LRS WHITE-ARMY GREEN;SKEW LRS WHITE-ARMY GREEN;0;RSCH MALE TSHIRTSSKEW LRS WHITEARMY GREEN;RSCH MALE TSHIRTSSKEW LRS WHITEARMY GREEN;RSCH-MALE-T-SHIRTSSKEW-LRS-WHITE-ARMY-GREEN
RSC15BM0105001;0015B260028;SKEW LRS WHITE-ARMY GREEN;RSCH,MALE,T-SHIRTS,2;L;WHITE;#000000;125000;1;9;SKEW LRS WHITE-ARMY GREEN;SKEW LRS WHITE-ARMY GREEN;0;RSCH MALE TSHIRTSSKEW LRS WHITEARMY GREEN;RSCH MALE TSHIRTSSKEW LRS WHITEARMY GREEN;RSCH-MALE-T-SHIRTSSKEW-LRS-WHITE-ARMY-GREEN
RSC15BM0105001;0015B260029;SKEW LRS WHITE-ARMY GREEN;RSCH,MALE,T-SHIRTS,2;XL;WHITE;#000000;125000;1;1;SKEW LRS WHITE-ARMY GREEN;SKEW LRS WHITE-ARMY GREEN;0;RSCH MALE TSHIRTSSKEW LRS WHITEARMY GREEN;RSCH MALE TSHIRTSSKEW LRS WHITEARMY GREEN;RSCH-MALE-T-SHIRTSSKEW-LRS-WHITE-ARMY-GREEN
RSC15BM0105002;0015B260031;INTEGRATION LRS SFT GREY-MISTY M81;RSCH,MALE,T-SHIRTS,2;S;GREY;#000000;125000;1;5;INTEGRATION LRS SFT GREY-MISTY M81;INTEGRATION LRS SFT GREY-MISTY M81;0;RSCH MALE TSHIRTSINTEGRATION LRS SFT GREYMISTY M81;RSCH MALE TSHIRTSINTEGRATION LRS SFT GREYMISTY M81;RSCH-MALE-T-SHIRTSINTEGRATION-LRS-SFT-GREY-MISTY-M81
RSC15BM0105002;0015B260032;INTEGRATION LRS SFT GREY-MISTY M81;RSCH,MALE,T-SHIRTS,2;M;GREY;#000000;125000;1;10;INTEGRATION LRS SFT GREY-MISTY M81;INTEGRATION LRS SFT GREY-MISTY M81;0;RSCH MALE TSHIRTSINTEGRATION LRS SFT GREYMISTY M81;RSCH MALE TSHIRTSINTEGRATION LRS SFT GREYMISTY M81;RSCH-MALE-T-SHIRTSINTEGRATION-LRS-SFT-GREY-MISTY-M81
RSC15BM0105002;0015B260033;INTEGRATION LRS SFT GREY-MISTY M81;RSCH,MALE,T-SHIRTS,2;L;GREY;#000000;125000;1;8;INTEGRATION LRS SFT GREY-MISTY M81;INTEGRATION LRS SFT GREY-MISTY M81;0;RSCH MALE TSHIRTSINTEGRATION LRS SFT GREYMISTY M81;RSCH MALE TSHIRTSINTEGRATION LRS SFT GREYMISTY M81;RSCH-MALE-T-SHIRTSINTEGRATION-LRS-SFT-GREY-MISTY-M81
RSC15BM0105002;0015B260034;INTEGRATION LRS SFT GREY-MISTY M81;RSCH,MALE,T-SHIRTS,2;XL;GREY;#000000;125000;1;1;INTEGRATION LRS SFT GREY-MISTY M81;INTEGRATION LRS SFT GREY-MISTY M81;0;RSCH MALE TSHIRTSINTEGRATION LRS SFT GREYMISTY M81;RSCH MALE TSHIRTSINTEGRATION LRS SFT GREYMISTY M81;RSCH-MALE-T-SHIRTSINTEGRATION-LRS-SFT-GREY-MISTY-M81
RSC15CM0101014;0015C030011;WINGS SS SFT PINK;RSCH,MALE,T-SHIRTS,1;S;PINK;#000000;100000;1;5;WINGS SS SFT PINK;WINGS SS SFT PINK;0;RSCH MALE TSHIRTSWINGS SS SFT PINK;RSCH MALE TSHIRTSWINGS SS SFT PINK;RSCH-MALE-T-SHIRTSWINGS-SS-SFT-PINK
RSC15CM0101014;0015C030012;WINGS SS SFT PINK;RSCH,MALE,T-SHIRTS,1;M;PINK;#000000;100000;1;10;WINGS SS SFT PINK;WINGS SS SFT PINK;0;RSCH MALE TSHIRTSWINGS SS SFT PINK;RSCH MALE TSHIRTSWINGS SS SFT PINK;RSCH-MALE-T-SHIRTSWINGS-SS-SFT-PINK
RSC15CM0101014;0015C030013;WINGS SS SFT PINK;RSCH,MALE,T-SHIRTS,1;L;PINK;#000000;100000;1;8;WINGS SS SFT PINK;WINGS SS SFT PINK;0;RSCH MALE TSHIRTSWINGS SS SFT PINK;RSCH MALE TSHIRTSWINGS SS SFT PINK;RSCH-MALE-T-SHIRTSWINGS-SS-SFT-PINK
RSC15CM0101014;0015C030014;WINGS SS SFT PINK;RSCH,MALE,T-SHIRTS,1;XL;PINK;#000000;100000;1;2;WINGS SS SFT PINK;WINGS SS SFT PINK;0;RSCH MALE TSHIRTSWINGS SS SFT PINK;RSCH MALE TSHIRTSWINGS SS SFT PINK;RSCH-MALE-T-SHIRTSWINGS-SS-SFT-PINK
RSC15CM0108001;0015C030016;TRUE&SLABS TS BLACK;RSCH,MALE,T-SHIRTS,2;S;BLACK;#000000;110000;1;3;TRUE&SLABS TS BLACK;TRUE&SLABS TS BLACK;0;RSCH MALE TSHIRTSTRUE&SLABS TS BLACK;RSCH MALE TSHIRTSTRUE&SLABS TS BLACK;RSCH-MALE-T-SHIRTSTRUE&SLABS-TS-BLACK
RSC15CM0108001;0015C030017;TRUE&SLABS TS BLACK;RSCH,MALE,T-SHIRTS,2;M;BLACK;#000000;110000;1;10;TRUE&SLABS TS BLACK;TRUE&SLABS TS BLACK;0;RSCH MALE TSHIRTSTRUE&SLABS TS BLACK;RSCH MALE TSHIRTSTRUE&SLABS TS BLACK;RSCH-MALE-T-SHIRTSTRUE&SLABS-TS-BLACK
RSC15CM0108001;0015C030018;TRUE&SLABS TS BLACK;RSCH,MALE,T-SHIRTS,2;L;BLACK;#000000;110000;1;8;TRUE&SLABS TS BLACK;TRUE&SLABS TS BLACK;0;RSCH MALE TSHIRTSTRUE&SLABS TS BLACK;RSCH MALE TSHIRTSTRUE&SLABS TS BLACK;RSCH-MALE-T-SHIRTSTRUE&SLABS-TS-BLACK
RSC15CM0108001;0015C030019;TRUE&SLABS TS BLACK;RSCH,MALE,T-SHIRTS,2;XL;BLACK;#000000;110000;1;2;TRUE&SLABS TS BLACK;TRUE&SLABS TS BLACK;0;RSCH MALE TSHIRTSTRUE&SLABS TS BLACK;RSCH MALE TSHIRTSTRUE&SLABS TS BLACK;RSCH-MALE-T-SHIRTSTRUE&SLABS-TS-BLACK
