4;Indonesia;DKI Jakarta;Kota Jakarta Selatan;KO;Jagakarsa;10000
4;Indonesia;DKI Jakarta;Kota Jakarta Selatan;KO;Pasar Minggu;10000
4;Indonesia;DKI Jakarta;Kota Jakarta Selatan;KO;Cilandak;10000
4;Indonesia;DKI Jakarta;Kota Jakarta Selatan;KO;Pesanggrahan;10000
4;Indonesia;DKI Jakarta;Kota Jakarta Selatan;KO;Kebayoran Lama;10000
4;Indonesia;DKI Jakarta;Kota Jakarta Selatan;KO;Kebayoran Baru;10000
4;Indonesia;DKI Jakarta;Kota Jakarta Selatan;KO;Mampang Prapatan;10000
4;Indonesia;DKI Jakarta;Kota Jakarta Selatan;KO;Pancoran;10000
4;Indonesia;DKI Jakarta;Kota Jakarta Selatan;KO;Tebet;10000
4;Indonesia;DKI Jakarta;Kota Jakarta Selatan;KO;Setia Budi;10000
4;Indonesia;DKI Jakarta;Kota Jakarta Timur;KO;Pasar Rebo;10000
4;Indonesia;DKI Jakarta;Kota Jakarta Timur;KO;Ciracas;10000
4;Indonesia;DKI Jakarta;Kota Jakarta Timur;KO;Cipayung;10000
4;Indonesia;DKI Jakarta;Kota Jakarta Timur;KO;Makasar;10000
4;Indonesia;DKI Jakarta;Kota Jakarta Timur;KO;Kramat Jati;10000
4;Indonesia;DKI Jakarta;Kota Jakarta Timur;KO;Jatinegara;10000
4;Indonesia;DKI Jakarta;Kota Jakarta Timur;KO;Duren Sawit;10000
4;Indonesia;DKI Jakarta;Kota Jakarta Timur;KO;Cakung;10000
4;Indonesia;DKI Jakarta;Kota Jakarta Timur;KO;Pulo Gadung;10000
4;Indonesia;DKI Jakarta;Kota Jakarta Timur;KO;Matraman;10000
4;Indonesia;DKI Jakarta;Kota Jakarta Pusat;KO;Tanah Abang;10000
4;Indonesia;DKI Jakarta;Kota Jakarta Pusat;KO;Menteng;10000
4;Indonesia;DKI Jakarta;Kota Jakarta Pusat;KO;Senen;10000
4;Indonesia;DKI Jakarta;Kota Jakarta Pusat;KO;Johar Baru;10000
4;Indonesia;DKI Jakarta;Kota Jakarta Pusat;KO;Cempaka Putih;10000
4;Indonesia;DKI Jakarta;Kota Jakarta Pusat;KO;Kemayoran;10000
4;Indonesia;DKI Jakarta;Kota Jakarta Pusat;KO;Sawah Besar;10000
4;Indonesia;DKI Jakarta;Kota Jakarta Pusat;KO;Gambir;10000
4;Indonesia;DKI Jakarta;Kota Jakarta Barat;KO;Kembangan;10000
4;Indonesia;DKI Jakarta;Kota Jakarta Barat;KO;Kebon Jeruk;10000
4;Indonesia;DKI Jakarta;Kota Jakarta Barat;KO;Palmerah;10000
4;Indonesia;DKI Jakarta;Kota Jakarta Barat;KO;Grogol Petamburan;10000
4;Indonesia;DKI Jakarta;Kota Jakarta Barat;KO;Tambora;10000
4;Indonesia;DKI Jakarta;Kota Jakarta Barat;KO;Taman Sari;10000
4;Indonesia;DKI Jakarta;Kota Jakarta Barat;KO;Cengkareng;10000
4;Indonesia;DKI Jakarta;Kota Jakarta Barat;KO;Kali Deres;10000
4;Indonesia;DKI Jakarta;Kota Jakarta Utara;KO;Penjaringan;10000
4;Indonesia;DKI Jakarta;Kota Jakarta Utara;KO;Pademangan;10000
4;Indonesia;DKI Jakarta;Kota Jakarta Utara;KO;Tanjung Priok;10000
4;Indonesia;DKI Jakarta;Kota Jakarta Utara;KO;Koja;10000
4;Indonesia;DKI Jakarta;Kota Jakarta Utara;KO;Kelapa Gading;10000
4;Indonesia;DKI Jakarta;Kota Jakarta Utara;KO;Cilincing;10000
4;Indonesia;Jawa Barat;Kota Depok;KO;Sawangan;10000
4;Indonesia;Jawa Barat;Kota Depok;KO;Bojongsari;10000
4;Indonesia;Jawa Barat;Kota Depok;KO;Pancoran Mas;10000
4;Indonesia;Jawa Barat;Kota Depok;KO;Cipayung;10000
4;Indonesia;Jawa Barat;Kota Depok;KO;Sukma Jaya;10000
4;Indonesia;Jawa Barat;Kota Depok;KO;Cilodong;10000
4;Indonesia;Jawa Barat;Kota Depok;KO;Cimanggis;10000
4;Indonesia;Jawa Barat;Kota Depok;KO;Tapos;10000
4;Indonesia;Jawa Barat;Kota Depok;KO;Beji;10000
4;Indonesia;Jawa Barat;Kota Depok;KO;Limo;10000
4;Indonesia;Jawa Barat;Kota Depok;KO;Cinere;10000
4;Indonesia;Jawa Barat;Kota Bekasi;KO;Pondokgede;10000
4;Indonesia;Jawa Barat;Kota Bekasi;KO;Jatisampurna;10000
4;Indonesia;Jawa Barat;Kota Bekasi;KO;Pondokmelati;10000
4;Indonesia;Jawa Barat;Kota Bekasi;KO;Jatiasih;10000
4;Indonesia;Jawa Barat;Kota Bekasi;KO;Bantargebang;10000
4;Indonesia;Jawa Barat;Kota Bekasi;KO;Mustikajaya;10000
4;Indonesia;Jawa Barat;Kota Bekasi;KO;Bekasi Timur;10000
4;Indonesia;Jawa Barat;Kota Bekasi;KO;Rawalumbu;10000
4;Indonesia;Jawa Barat;Kota Bekasi;KO;Bekasi Selatan;10000
4;Indonesia;Jawa Barat;Kota Bekasi;KO;Bekasi Barat;10000
4;Indonesia;Jawa Barat;Kota Bekasi;KO;Medan Satria;10000
4;Indonesia;Jawa Barat;Kota Bekasi;KO;Bekasi Utara;10000
4;Indonesia;Jawa Barat;kab.bekasi;KO;Setu;10000
4;Indonesia;Jawa Barat;kab.bekasi;KO;Serang Baru;10000
4;Indonesia;Jawa Barat;kab.bekasi;KO;Cikarang Pusat;10000
4;Indonesia;Jawa Barat;kab.bekasi;KO;Cikarang Selatan;10000
4;Indonesia;Jawa Barat;kab.bekasi;KO;Cibarusah;10000
4;Indonesia;Jawa Barat;kab.bekasi;KO;Bojongmangu;10000
4;Indonesia;Jawa Barat;kab.bekasi;KO;Cikarang Timur;10000
4;Indonesia;Jawa Barat;kab.bekasi;KO;Kedungwaringin;10000
4;Indonesia;Jawa Barat;kab.bekasi;KO;Cikarang Utara;10000
4;Indonesia;Jawa Barat;kab.bekasi;KO;Karangbahagia;10000
4;Indonesia;Jawa Barat;kab.bekasi;KO;Cibitung;10000
4;Indonesia;Jawa Barat;kab.bekasi;KO;Cikarang Barat;10000
4;Indonesia;Jawa Barat;kab.bekasi;KO;Tambun Selatan;10000
4;Indonesia;Jawa Barat;kab.bekasi;KO;Tambun Utara;10000
4;Indonesia;Jawa Barat;kab.bekasi;KO;Babelan;10000
4;Indonesia;Jawa Barat;kab.bekasi;KO;Tarumajaya;10000
4;Indonesia;Jawa Barat;kab.bekasi;KO;Tambelang;10000
4;Indonesia;Jawa Barat;kab.bekasi;KO;Sukawangi;10000
4;Indonesia;Jawa Barat;kab.bekasi;KO;Sukatani;10000
4;Indonesia;Jawa Barat;kab.bekasi;KO;Sukakarya;10000
4;Indonesia;Jawa Barat;kab.bekasi;KO;Pebayuran;10000
4;Indonesia;Jawa Barat;kab.bekasi;KO;Cabangbungin;10000
4;Indonesia;Jawa Barat;kab.bekasi;KO;Muara Gembong;10000
4;Indonesia;Jawa Barat;kab.bogor;KO;Nanggung;10000
4;Indonesia;Jawa Barat;kab.bogor;KO;Leuwisadeng;10000
4;Indonesia;Jawa Barat;kab.bogor;KO;Pamijahan;10000
4;Indonesia;Jawa Barat;kab.bogor;KO;Cibungbulang;10000
4;Indonesia;Jawa Barat;kab.bogor;KO;Tenjolaya;10000
4;Indonesia;Jawa Barat;kab.bogor;KO;Ciomas;10000
4;Indonesia;Jawa Barat;kab.bogor;KO;Cijeruk;10000
4;Indonesia;Jawa Barat;kab.bogor;KO;Cigombong;10000
4;Indonesia;Jawa Barat;kab.bogor;KO;Caringin;10000
4;Indonesia;Jawa Barat;kab.bogor;KO;Megamendung;10000
4;Indonesia;Jawa Barat;kab.bogor;KO;Sukaraja;10000
4;Indonesia;Jawa Barat;kab.bogor;KO;Sukamakmur;10000
4;Indonesia;Jawa Barat;kab.bogor;KO;Cariu;10000
4;Indonesia;Jawa Barat;kab.bogor;KO;Tanjungsari;10000
4;Indonesia;Jawa Barat;kab.bogor;KO;Jonggol;10000
4;Indonesia;Jawa Barat;kab.bogor;KO;Cileungsi;10000
4;Indonesia;Jawa Barat;kab.bogor;KO;Kelapa Nunggal;10000
4;Indonesia;Jawa Barat;kab.bogor;KO;Kemang;10000
4;Indonesia;Jawa Barat;kab.bogor;KO;Ranca Bungur;10000
4;Indonesia;Jawa Barat;kab.bogor;KO;Ciseeng;10000
4;Indonesia;Jawa Barat;kab.bogor;KO;Gunung Sindur;10000
4;Indonesia;Jawa Barat;kab.bogor;KO;Rumpin;10000
4;Indonesia;Jawa Barat;kab.bogor;KO;Cigudeg;10000
4;Indonesia;Jawa Barat;kab.bogor;KO;Sukajaya;10000
4;Indonesia;Jawa Barat;kab.bogor;KO;Jasinga;10000
4;Indonesia;Jawa Barat;kab.bogor;KO;Tenjo;10000
4;Indonesia;Jawa Barat;kab.bogor;KO;Parung Panjang;10000
4;Indonesia;Banten;Kab.Tangerang;KO;Cisoka;10000
4;Indonesia;Banten;Kab.Tangerang;KO;Solear;10000
4;Indonesia;Banten;Kab.Tangerang;KO;Tigaraksa;10000
4;Indonesia;Banten;Kab.Tangerang;KO;Jambe;10000
4;Indonesia;Banten;Kab.Tangerang;KO;Cikupa;10000
4;Indonesia;Banten;Kab.Tangerang;KO;Panongan;10000
4;Indonesia;Banten;kab.tangerang;KO;Curug;10000
4;Indonesia;Banten;kab.tangerang;KO;Kelapa Dua;10000
4;Indonesia;Banten;kab.tangerang;KO;Legok;10000
4;Indonesia;Banten;kab.tangerang;KO;Pagedangan;10000
4;Indonesia;Banten;kab.tangerang;KO;Cisauk;10000
4;Indonesia;Banten;kab.tangerang;KO;Pasarkemis;10000
4;Indonesia;Banten;kab.tangerang;KO;Sindang Jaya;10000
4;Indonesia;Banten;kab.tangerang;KO;Balaraja;10000
4;Indonesia;Banten;kab.tangerang;KO;Jayanti;10000
4;Indonesia;Banten;kab.tangerang;KO;Sukamulya;10000
4;Indonesia;Banten;kab.tangerang;KO;Kresek;10000
4;Indonesia;Banten;kab.tangerang;KO;Gunung Kaler;10000
4;Indonesia;Banten;kab.tangerang;KO;Kronjo;10000
4;Indonesia;Banten;Kab.Tangerang;KO;Mekar Baru;10000
4;Indonesia;Banten;Kab.Tangerang;KO;Mauk;10000
4;Indonesia;Banten;Kab.Tangerang;KO;Kemiri;10000
4;Indonesia;Banten;Kab.Tangerang;KO;Sukadiri;10000
4;Indonesia;Banten;Kab.Tangerang;KO;Rajeg;10000
4;Indonesia;Banten;Kab.Tangerang;KO;Sepatan;10000
4;Indonesia;Banten;Kab.Tangerang;KO;Sepatan Timur;10000
4;Indonesia;Banten;Kab.Tangerang;KO;Pakuhaji;10000
4;Indonesia;Banten;Kab.Tangerang;KO;Teluknaga;10000
4;Indonesia;Banten;Kab.Tangerang;KO;Kosambi;10000
4;Indonesia;Banten;Kota Tangerang;KO;Ciledug;10000
4;Indonesia;Banten;Kota Tangerang;KO;Larangan;10000
4;Indonesia;Banten;Kota Tangerang;KO;Karang Tengah;10000
4;Indonesia;Banten;Kota Tangerang;KO;Cipondoh;10000
4;Indonesia;Banten;Kota Tangerang;KO;Pinang (Penang);10000
4;Indonesia;Banten;Kota Tangerang;KO;Tangerang;10000
4;Indonesia;Banten;Kota Tangerang;KO;Karawaci;10000
4;Indonesia;Banten;Kota Tangerang;KO;Jati Uwung;10000
4;Indonesia;Banten;Kota Tangerang;KO;Cibodas;10000
4;Indonesia;Banten;Kota Tangerang;KO;Periuk;10000
4;Indonesia;Banten;Kota Tangerang;KO;Batuceper;10000
4;Indonesia;Banten;Kota Tangerang;KO;Neglasari;10000
4;Indonesia;Banten;Kota Tangerang;KO;Benda;10000
4;Indonesia;Banten;Kota Tangerang Selatan;KO;Setu;10000
4;Indonesia;Banten;Kota Tangerang Selatan;KO;Serpong;10000
4;Indonesia;Banten;Kota Tangerang Selatan;KO;Pamulang;10000
4;Indonesia;Banten;Kota Tangerang Selatan;KO;Ciputat;10000
4;Indonesia;Banten;Kota Tangerang Selatan;KO;Ciputat Timur;10000
4;Indonesia;Banten;Kota Tangerang Selatan;KO;Pondok Aren;10000
4;Indonesia;Banten;Kota Tangerang Selatan;KO;Serpong Utara;10000
4;Indonesia;Jawa Barat;Kota Bogor;KO;Bogor Selatan-Kota;10000
4;Indonesia;Jawa Barat;Kota Bogor;KO;Bogor Timur-Kota;10000
4;Indonesia;Jawa Barat;Kota Bogor;KO;Bogor Utara-Kota;10000
4;Indonesia;Jawa Barat;Kota Bogor;KO;Bogor Tengah-Kota;10000
4;Indonesia;Jawa Barat;Kota Bogor;KO;Bogor Barat-Kota;10000
4;Indonesia;Jawa Barat;Kota Bogor;KO;Tanah Sereal;10000
4;Indonesia;Jawa Barat;kab.bogor;KO;Cibinong;10000
4;Indonesia;Jawa Barat;kab.bogor;KO;Bojonggede;10000
4;Indonesia;Jawa Barat;kab.bogor;KO;Gunung Putri;10000
4;Indonesia;Jawa Barat;kab.bogor;KO;Babakan Madang;10000
4;Indonesia;Jawa Barat;kab.bogor;KO;Ciawi;10000
4;Indonesia;Jawa Barat;kab.bogor;KO;Ciampea;10000
4;Indonesia;Jawa Barat;kab.bogor;KO;Cisarua;10000
4;Indonesia;Jawa Barat;kab.bogor;KO;Citeureup;10000
4;Indonesia;Jawa Barat;kab.bogor;KO;Dramaga;10000
4;Indonesia;Jawa Barat;kab.bogor;KO;Parung;10000
4;Indonesia;Jawa Barat;kab.bogor;KO;Leuwiliang;10000
4;Indonesia;Jawa Barat;kab.bogor;KO;Tamansari;10000
4;Indonesia;Jawa Barat;kab.bogor;KO;Tajurhalang;10000
