3;Indonesia;Jawa Barat;KOTA  BANDUNG;KO;BANDUNG;9000
3;Indonesia;Jawa Barat;KOTA  BANDUNG;KO;CIBIRU;9000
3;Indonesia;Jawa Barat;KOTA  BANDUNG;KO;UJUNG BERUNG;9000
3;Indonesia;Jawa Barat;KOTA  BANDUNG;KO;SUKASARI;9000
3;Indonesia;Jawa Barat;KOTA  BANDUNG;KO;ANTAPANI (CICADAS);9000
3;Indonesia;Jawa Barat;KOTA  BANDUNG;KO;CIDADAP;9000
3;Indonesia;Jawa Barat;KOTA  BANDUNG;KO;LENGKONG;9000
3;Indonesia;Jawa Barat;KOTA  BANDUNG;KO;ANDIR;9000
3;Indonesia;Jawa Barat;KOTA  BANDUNG;KO;ARCAMANIK;9000
3;Indonesia;Jawa Barat;KOTA  BANDUNG;KO;ASTANA ANYAR;9000
3;Indonesia;Jawa Barat;KOTA  BANDUNG;KO;BABAKAN CIPARAY;9000
3;Indonesia;Jawa Barat;KOTA  BANDUNG;KO;BANDUNG KIDUL;9000
3;Indonesia;Jawa Barat;KOTA  BANDUNG;KO;BANDUNG KULON;9000
3;Indonesia;Jawa Barat;KOTA  BANDUNG;KO;BANDUNG WETAN;9000
3;Indonesia;Jawa Barat;KOTA  BANDUNG;KO;BATUNUNGGAL;9000
3;Indonesia;Jawa Barat;KOTA  BANDUNG;KO;BOJONGLOA KALER;9000
3;Indonesia;Jawa Barat;KOTA  BANDUNG;KO;BOJONGLOA KIDUL;9000
3;Indonesia;Jawa Barat;KOTA  BANDUNG;KO;CIBEUNYING KALER;9000
3;Indonesia;Jawa Barat;KOTA  BANDUNG;KO;CIBEUNYING KIDUL;9000
3;Indonesia;Jawa Barat;KOTA  BANDUNG;KO;CICENDO;9000
3;Indonesia;Jawa Barat;KOTA  BANDUNG;KO;COBLONG;9000
3;Indonesia;Jawa Barat;KOTA  BANDUNG;KO;KIARACONDONG;9000
3;Indonesia;Jawa Barat;KOTA  BANDUNG;KO;BUAHBATU (MARGACINTA);9000
3;Indonesia;Jawa Barat;KOTA  BANDUNG;KO;RANCASARI;9000
3;Indonesia;Jawa Barat;KOTA  BANDUNG;KO;REGOL;9000
3;Indonesia;Jawa Barat;KOTA  BANDUNG;KO;SUKAJADI;9000
3;Indonesia;Jawa Barat;KOTA  BANDUNG;KO;SUMUR BANDUNG;9000
3;Indonesia;Jawa Barat;KOTA  BANDUNG;KO;CINAMBO;9000
3;Indonesia;Jawa Barat;KOTA  BANDUNG;KO;GEDEBAGE;9000
3;Indonesia;Jawa Barat;KOTA  BANDUNG;KO;MANDALAJATI;9000
3;Indonesia;Jawa Barat;KOTA  BANDUNG;KO;PANYILEUKAN;9000
3;Indonesia;Jawa Barat;KAB.BANDUNG;KO;SOREANG;9000
3;Indonesia;Jawa Barat;KAB.BANDUNG;KO;BALEENDAH;9000
3;Indonesia;Jawa Barat;KAB.BANDUNG;KO;BANJARAN;9000
3;Indonesia;Jawa Barat;KAB.BANDUNG;KO;BOJONGSOANG;9000
3;Indonesia;Jawa Barat;KAB.BANDUNG;KO;CANGKUANG;9000
3;Indonesia;Jawa Barat;KAB.BANDUNG;KO;CILENGKRANG;9000
3;Indonesia;Jawa Barat;KAB.BANDUNG;KO;CILEUNYI;9000
3;Indonesia;Jawa Barat;KAB.BANDUNG;KO;CIPARAY;9000
3;Indonesia;Jawa Barat;KAB.BANDUNG;KO;DAYEUHKOLOT;9000
3;Indonesia;Jawa Barat;KAB.BANDUNG;KO;KATAPANG;9000
3;Indonesia;Jawa Barat;KAB.BANDUNG;KO;MAJALAYA;12000
3;Indonesia;Jawa Barat;KAB.BANDUNG;KO;MARGAASIH;12000
3;Indonesia;Jawa Barat;KAB.BANDUNG;KO;MARGAHAYU;9000
3;Indonesia;Jawa Barat;KAB.BANDUNG;KO;RANCAEKEK;9000
3;Indonesia;Jawa Barat;KAB.BANDUNG;KO;SOLOKAN JERUK;9000
3;Indonesia;Jawa Barat;KAB.BANDUNG;KO;KUTAWARINGIN;9000
3;Indonesia;Jawa Barat;CIMAHI ;KO;CIMAHI ;9000
3;Indonesia;Jawa Barat;KOTA  CIMAHI;KO;CIMAHI SELATAN;9000
3;Indonesia;Jawa Barat;KOTA  CIMAHI;KO;CIMAHI TENGAH;9000
3;Indonesia;Jawa Barat;KOTA  CIMAHI;KO;CIMAHI UTARA;9000
3;Indonesia;Jawa Barat;SUMEDANG;KO;SUMEDANG;12000
3;Indonesia;Jawa Barat;KAB.SUMEDANG;KO;CIMALAKA;12000
3;Indonesia;Jawa Barat;KAB.SUMEDANG;KO;JATINANGOR;9000
3;Indonesia;Jawa Barat;KAB.SUMEDANG;KO;SUMEDANG SELATAN;12000
3;Indonesia;Jawa Barat;KAB.SUMEDANG;KO;SUMEDANG UTARA;12000
3;Indonesia;Jawa Barat;GARUT, KAB. GARUT;KO;GARUT, KAB. GARUT;12000
3;Indonesia;Jawa Barat;KAB.GARUT;KO;GARUT KOTA;12000
3;Indonesia;Jawa Barat;KAB.PURWAKARTA;KO;PURWAKARTA;12000
3;Indonesia;Jawa Barat;KAB.PURWAKARTA;KO;JATILUHUR;12000
3;Indonesia;Jawa Barat;KAB.PURWAKARTA;KO;CAMPAKA;12000
3;Indonesia;Jawa Barat;KAB.PURWAKARTA;KO;BABAKANCIKAO;16000
3;Indonesia;Jawa Barat;KAB.PURWAKARTA;KO;BUNGURSARI;16000
3;Indonesia;Jawa Barat;KAB.PURWAKARTA;KO;CIBATU;12000
3;Indonesia;Jawa Barat;KAB.BANDUNG BARAT;KO;LEMBANG;9000
3;Indonesia;Jawa Barat;KAB.BANDUNG BARAT;KO;PADALARANG;9000
3;Indonesia;Jawa Barat;CIMAREME;KO;CIMAREME;9000
3;Indonesia;Jawa Barat;KAB.SUBANG;KO;SUBANG;12000
3;Indonesia;Jawa Barat;KAB.CIANJUR;KO;CIANJUR;12000
3;Indonesia;Nusa Tenggara Barat;KOTA MATARAM;KO;MATARAM;37000
3;Indonesia;Nusa Tenggara Barat;KOTA MATARAM;KO;AMPENAN;37000
3;Indonesia;Nusa Tenggara Barat;KOTA MATARAM;KO;CAKRANEGARA;37000
3;Indonesia;Nusa Tenggara Barat;KOTA MATARAM;KO;SELAPARANG (SELAPRANG);37000
3;Indonesia;Nusa Tenggara Barat;KOTA MATARAM;KO;SEKARBELA;37000
3;Indonesia;Nusa Tenggara Barat;KOTA MATARAM;KO;SANDUBAYA (SANDUJAYA);37000
3;Indonesia;Kalimantan Selatan;KOTA BANJARMASIN;KO;BANJARMASIN;37000
3;Indonesia;Kalimantan Selatan;KOTA BANJARMASIN ;KO;BANJARMASIN BARAT;37000
3;Indonesia;Kalimantan Selatan;KOTA BANJARMASIN ;KO;BANJARMASIN SELATAN;37000
3;Indonesia;Kalimantan Selatan;KOTA BANJARMASIN ;KO;BANJARMASIN TENGAH;37000
3;Indonesia;Kalimantan Selatan;KOTA BANJARMASIN ;KO;BANJARMASIN TIMUR;37000
3;Indonesia;Kalimantan Selatan;KOTA BANJARMASIN ;KO;BANJARMASIN UTARA;37000
3;Indonesia;Jawa Barat;KOTA BEKASI;KO;KOTA BEKASI;18000
3;Indonesia;Jawa Barat;KOTA BEKASI;KO;BANTAR GEBANG;18000
3;Indonesia;Jawa Barat;KOTA BEKASI;KO;BEKASI BARAT;18000
3;Indonesia;Jawa Barat;KOTA BEKASI;KO;BEKASI SELATAN;18000
3;Indonesia;Jawa Barat;KOTA BEKASI;KO;BEKASI TIMUR;18000
3;Indonesia;Jawa Barat;KOTA BEKASI;KO;BEKASI UTARA;18000
3;Indonesia;Jawa Barat;KOTA BEKASI;KO;JATIASIH;18000
3;Indonesia;Jawa Barat;KOTA BEKASI;KO;JATI SAMPURNA;18000
3;Indonesia;Jawa Barat;KOTA BEKASI;KO;MEDAN SATRIA;18000
3;Indonesia;Jawa Barat;KOTA BEKASI;KO;MUSTIKA JAYA;18000
3;Indonesia;Jawa Barat;KOTA BEKASI;KO;PONDOK GEDE;18000
3;Indonesia;Jawa Barat;KOTA BEKASI;KO;PONDOK MELATI;18000
3;Indonesia;Jawa Barat;KOTA BEKASI;KO;RAWALUMBU;18000
3;Indonesia;Jawa Barat;CIKARANG;KO;CIKARANG;18000
3;Indonesia;Jawa Barat;KAB.BEKASI;KO;CIKARANG BARAT;18000
3;Indonesia;Jawa Barat;KAB.BEKASI;KO;CIKARANG PUSAT;18000
3;Indonesia;Jawa Barat;KAB.BEKASI;KO;CIKARANG SELATAN;18000
3;Indonesia;Jawa Barat;KAB.BEKASI;KO;CIKARANG TIMUR;18000
3;Indonesia;Jawa Barat;KAB.BEKASI;KO;CIKARANG UTARA;18000
3;Indonesia;Jawa Barat;KAB.BEKASI;KO;CIBARUSAH;18000
3;Indonesia;Jawa Barat;KAB.BEKASI;KO;CIBITUNG;18000
3;Indonesia;Jawa Barat;KAB.BEKASI;KO;KEDUNG WARINGIN;18000
3;Indonesia;Jawa Barat;KAB.BEKASI;KO;SERANG BARU;18000
3;Indonesia;Jawa Barat;KAB.BEKASI;KO;TAMBUN SELATAN;18000
3;Indonesia;Jawa Barat;KAB.BEKASI;KO;TAMBUN UTARA;18000
3;Indonesia;Jawa Barat;KAB.BEKASI;KO;TARUMAJAYA;18000
3;Indonesia;Jawa Barat;KAB.BEKASI;KO;BABELAN;18000
3;Indonesia;Bengkulu;KOTA BENGKULU;KO;BENGKULU;32000
3;Indonesia;Bengkulu;KOTA BENGKULU;KO;GADING CEMPAKA;32000
3;Indonesia;Bengkulu;KOTA BENGKULU;KO;KAMPUNG MELAYU;32000
3;Indonesia;Bengkulu;KOTA BENGKULU;KO;MUARA BANGKA HULU;32000
3;Indonesia;Bengkulu;KOTA BENGKULU;KO;RATU AGUNG;32000
3;Indonesia;Bengkulu;KOTA BENGKULU;KO;RATU SAMBAN;32000
3;Indonesia;Bengkulu;KOTA BENGKULU;KO;SELEBAR;32000
3;Indonesia;Bengkulu;KOTA BENGKULU;KO;SUNGAI SERUT;32000
3;Indonesia;Bengkulu;KOTA BENGKULU;KO;TELUK SEGARA;32000
3;Indonesia;Bengkulu;KOTA BENGKULU;KO;SINGARAN PATI;32000
3;Indonesia;Jawa Barat;KOTA BOGOR;KO;BOGOR;18000
3;Indonesia;Jawa Barat;KOTA BOGOR;KO;BOGOR BARAT-KOTA;18000
3;Indonesia;Jawa Barat;KOTA BOGOR;KO;BOGOR SELATAN-KOTA;18000
3;Indonesia;Jawa Barat;KOTA BOGOR;KO;BOGOR TENGAH-KOTA;18000
3;Indonesia;Jawa Barat;KOTA BOGOR;KO;BOGOR TIMUR-KOTA;18000
3;Indonesia;Jawa Barat;KOTA BOGOR;KO;BOGOR UTARA-KOTA;18000
3;Indonesia;Jawa Barat;KOTA BOGOR;KO;TANAH SEREAL;18000
3;Indonesia;Jawa Barat;KAB.BOGOR;KO;CIBINONG;18000
3;Indonesia;Jawa Barat;KAB.BOGOR;KO;CARINGIN;18000
3;Indonesia;Jawa Barat;KAB.BOGOR;KO;CIAWI;18000
3;Indonesia;Jawa Barat;KAB.BOGOR;KO;CIAMPEA;18000
3;Indonesia;Jawa Barat;KAB.BOGOR;KO;CIBUNGBULANG;18000
3;Indonesia;Jawa Barat;KAB.BOGOR;KO;CILEUNGSI;18000
3;Indonesia;Jawa Barat;KAB.BOGOR;KO;CIOMAS;18000
3;Indonesia;Jawa Barat;KAB.BOGOR;KO;CISARUA;18000
3;Indonesia;Jawa Barat;KAB.BOGOR;KO;CITEUREUP;18000
3;Indonesia;Jawa Barat;KAB.BOGOR;KO;DRAMAGA;18000
3;Indonesia;Jawa Barat;KAB.BOGOR;KO;LEUWILIANG;18000
3;Indonesia;Jawa Barat;KAB.BOGOR;KO;MEGAMENDUNG;18000
3;Indonesia;Jawa Barat;KAB.BOGOR;KO;PARUNG;18000
3;Indonesia;Jawa Barat;KAB.BOGOR;KO;BABAKAN MADANG;18000
3;Indonesia;Jawa Barat;KAB.BOGOR;KO;BOJONGGEDE;18000
3;Indonesia;Jawa Barat;KAB.BOGOR;KO;CISEENG;18000
3;Indonesia;Jawa Barat;KAB.BOGOR;KO;KEMANG;18000
3;Indonesia;Jawa Barat;KAB.BOGOR;KO;KLAPANUNGGAL;18000
3;Indonesia;Jawa Barat;KAB.BOGOR;KO;SUKARAJA;18000
3;Indonesia;Jawa Barat;KAB.BOGOR;KO;TAJURHALANG;18000
3;Indonesia;Jawa Barat;KAB.BOGOR;KO;GUNUNG PUTRI;18000
3;Indonesia;Kalimantan Timur;KOTA BALIKPAPAN;KO;BALIKPAPAN;37000
3;Indonesia;Kalimantan Timur;KOTA BALIKPAPAN ;KO;BALIKPAPAN BARAT;37000
3;Indonesia;Kalimantan Timur;KOTA BALIKPAPAN ;KO;BALIKPAPAN SELATAN;37000
3;Indonesia;Kalimantan Timur;KOTA BALIKPAPAN ;KO;BALIKPAPAN TENGAH;37000
3;Indonesia;Kalimantan Timur;KOTA BALIKPAPAN ;KO;BALIKPAPAN TIMUR;37000
3;Indonesia;Kalimantan Timur;KOTA BALIKPAPAN ;KO;BALIKPAPAN UTARA;37000
3;Indonesia;Kalimantan Timur;KOTA BALIKPAPAN ;KO;BALIKPAPAN KOTA;37000
3;Indonesia;Kepulauan Riau;KOTA BATAM ;KO;BATAM KOTA;31000
3;Indonesia;Kepulauan Riau;KOTA BATAM ;KO;NONGSA;31000
3;Indonesia;Kepulauan Riau;KOTA BATAM ;KO;SEKUPANG;31000
3;Indonesia;Kepulauan Riau;KOTA BATAM ;KO;BATU AMPAR;31000
3;Indonesia;Kepulauan Riau;KOTA BATAM ;KO;LUBUK BAJA;31000
3;Indonesia;Kepulauan Riau;KOTA BATAM ;KO;SEI/SUNGAI BEDUK;31000
3;Indonesia;Kepulauan Riau;KOTA BATAM ;KO;SAGULUNG;31000
3;Indonesia;Kepulauan Riau;KOTA BATAM ;KO;BENGKONG;31000
3;Indonesia;Kepulauan Riau;KOTA BATAM ;KO;BATU AJI;31000
3;Indonesia;Jawa Barat;KOTA CIREBON;KO;CIREBON;18000
3;Indonesia;Jawa Barat;CIREBON BARAT;KO;CIREBON BARAT;18000
3;Indonesia;Jawa Barat;KOTA CIREBON;KO;HARJAMUKTI;18000
3;Indonesia;Jawa Barat;KOTA CIREBON;KO;KEJAKSAN;18000
3;Indonesia;Jawa Barat;KOTA CIREBON;KO;KESAMBI;18000
3;Indonesia;Jawa Barat;KOTA CIREBON;KO;LEMAHWUNGKUK;18000
3;Indonesia;Jawa Barat;KOTA CIREBON;KO;PEKALIPAN;18000
3;Indonesia;Jawa Barat;KAB.INDRAMAYU;KO;INDRAMAYU;18000
3;Indonesia;Jawa Barat;KAB.INDRAMAYU;KO;BALONGAN;18000
3;Indonesia;Jawa Barat;KAB.INDRAMAYU;KO;JATIBARANG;18000
3;Indonesia;Jawa Barat;KAB.INDRAMAYU;KO;JUNTINYUAT;18000
3;Indonesia;Jawa Barat;KAB.INDRAMAYU;KO;WIDASARI;18000
3;Indonesia;Jawa Barat;KAB.INDRAMAYU;KO;KEDOKAN BUNDER;18000
3;Indonesia;Jawa Barat;KAB.INDRAMAYU;KO;SINDANG;18000
3;Indonesia;Jawa Barat;KAB.INDRAMAYU;KO;PASEKAN;18000
3;Indonesia;Jawa Barat;KAB.INDRAMAYU;KO;TUKDANA;18000
3;Indonesia;Jawa Barat;KAB.KUNINGAN;KO;KUNINGAN;18000
3;Indonesia;Jawa Barat;KAB.MAJALENGKA;KO;MAJALENGKA;18000
3;Indonesia;Jawa Barat;KAB.MAJALENGKA;KO;JATIWANGI;18000
3;Indonesia;Jawa Barat;KAB.MAJALENGKA;KO;KADIPATEN;18000
3;Indonesia;Jawa Barat;KAB.CIREBON;KO;KEDAWUNG;18000
3;Indonesia;Jawa Barat;KAB.CIREBON;KO;KLANGENAN;18000
3;Indonesia;Jawa Barat;KAB.CIREBON;KO;MUNDU;18000
3;Indonesia;Jawa Barat;KAB.CIREBON;KO;WERU;18000
3;Indonesia;Jawa Barat;KAB.CIREBON;KO;PLERED;18000
3;Indonesia;Jawa Barat;KAB.CIREBON;KO;PLUMBON;18000
3;Indonesia;Jawa Barat;KAB.CIREBON;KO;TENGAH TANI;18000
3;Indonesia;Jawa Barat;KAB.CIREBON;KO;SURANENGGALA;18000
3;Indonesia;DKI Jakarta;KOTA DKI JAKARTA;KO;JAKARTA;15000
3;Indonesia;DKI Jakarta;JAKARTA BARAT;KO;JAKARTA BARAT;15000
3;Indonesia;DKI Jakarta;KOTA JAKARTA BARAT;KO;GROGOL PETAMBURAN;15000
3;Indonesia;DKI Jakarta;KOTA JAKARTA BARAT;KO;KALIDERES;15000
3;Indonesia;DKI Jakarta;KOTA JAKARTA BARAT;KO;KEBON JERUK;15000
3;Indonesia;DKI Jakarta;KOTA JAKARTA BARAT;KO;KEMBANGAN;15000
3;Indonesia;DKI Jakarta;KOTA JAKARTA BARAT;KO;PALMERAH;15000
3;Indonesia;DKI Jakarta;KOTA JAKARTA BARAT;KO;TAMAN SARI;15000
3;Indonesia;DKI Jakarta;KOTA JAKARTA BARAT;KO;TAMBORA;15000
3;Indonesia;DKI Jakarta;KOTA JAKARTA BARAT;KO;CENGKARENG;15000
3;Indonesia;DKI Jakarta;JAKARTA SELATAN;KO;JAKARTA SELATAN;15000
3;Indonesia;DKI Jakarta;KOTA JAKARTA SELATAN;KO;JAGAKARSA;15000
3;Indonesia;DKI Jakarta;KOTA JAKARTA SELATAN;KO;KEBAYORAN BARU;15000
3;Indonesia;DKI Jakarta;KOTA JAKARTA SELATAN;KO;KEBAYORAN LAMA;15000
3;Indonesia;DKI Jakarta;KOTA JAKARTA SELATAN;KO;MAMPANG PRAPATAN;15000
3;Indonesia;DKI Jakarta;KOTA JAKARTA SELATAN;KO;PANCORAN;15000
3;Indonesia;DKI Jakarta;KOTA JAKARTA SELATAN;KO;PASAR MINGGU;15000
3;Indonesia;DKI Jakarta;KOTA JAKARTA SELATAN;KO;PESANGGRAHAN;15000
3;Indonesia;DKI Jakarta;KOTA JAKARTA SELATAN;KO;SETIA BUDI;15000
3;Indonesia;DKI Jakarta;KOTA JAKARTA SELATAN;KO;TEBET;15000
3;Indonesia;DKI Jakarta;KOTA JAKARTA SELATAN;KO;CILANDAK;15000
3;Indonesia;DKI Jakarta;JAKARTA PUSAT;KO;JAKARTA PUSAT;15000
3;Indonesia;DKI Jakarta;KOTA JAKARTA PUSAT;KO;CEMPAKA PUTIH;15000
3;Indonesia;DKI Jakarta;KOTA JAKARTA PUSAT;KO;GAMBIR;15000
3;Indonesia;DKI Jakarta;KOTA JAKARTA PUSAT;KO;JOHAR BARU;15000
3;Indonesia;DKI Jakarta;KOTA JAKARTA PUSAT;KO;KEMAYORAN;15000
3;Indonesia;DKI Jakarta;KOTA JAKARTA PUSAT;KO;MENTENG;15000
3;Indonesia;DKI Jakarta;KOTA JAKARTA PUSAT;KO;SAWAH BESAR;15000
3;Indonesia;DKI Jakarta;KOTA JAKARTA PUSAT;KO;SENEN;15000
3;Indonesia;DKI Jakarta;KOTA JAKARTA PUSAT;KO;TANAH ABANG;15000
3;Indonesia;DKI Jakarta;JAKARTA UTARA;KO;JAKARTA UTARA;15000
3;Indonesia;DKI Jakarta;KOTA JAKARTA UTARA;KO;KELAPA GADING;15000
3;Indonesia;DKI Jakarta;KOTA JAKARTA UTARA;KO;KOJA;15000
3;Indonesia;DKI Jakarta;KOTA JAKARTA UTARA;KO;PADEMANGAN;15000
3;Indonesia;DKI Jakarta;KOTA JAKARTA UTARA;KO;PENJARINGAN;15000
3;Indonesia;DKI Jakarta;KOTA JAKARTA UTARA;KO;TANJUNG PRIOK;15000
3;Indonesia;DKI Jakarta;KOTA JAKARTA UTARA;KO;CILINCING;15000
3;Indonesia;DKI Jakarta;JAKARTA TIMUR;KO;JAKARTA TIMUR;15000
3;Indonesia;DKI Jakarta;KOTA JAKARTA TIMUR;KO;CAKUNG;15000
3;Indonesia;DKI Jakarta;KOTA JAKARTA TIMUR;KO;CIPAYUNG;15000
3;Indonesia;DKI Jakarta;KOTA JAKARTA TIMUR;KO;CIRACAS;15000
3;Indonesia;DKI Jakarta;KOTA JAKARTA TIMUR;KO;DUREN SAWIT;15000
3;Indonesia;DKI Jakarta;KOTA JAKARTA TIMUR;KO;JATINEGARA;15000
3;Indonesia;DKI Jakarta;KOTA JAKARTA TIMUR;KO;KRAMAT JATI;15000
3;Indonesia;DKI Jakarta;KOTA JAKARTA TIMUR;KO;MAKASAR;15000
3;Indonesia;DKI Jakarta;KOTA JAKARTA TIMUR;KO;MATRAMAN;15000
3;Indonesia;DKI Jakarta;KOTA JAKARTA TIMUR;KO;PASAR REBO;15000
3;Indonesia;DKI Jakarta;KOTA JAKARTA TIMUR;KO;PULO GADUNG;15000
3;Indonesia;Banten;KOTA CILEGON;KO;CILEGON;19000
3;Indonesia;Banten;KOTA CILEGON;KO;PULOMERAK;19000
3;Indonesia;Banten;KOTA CILEGON;KO;CIBEBER;19000
3;Indonesia;Banten;KOTA CILEGON;KO;CITANGKIL;19000
3;Indonesia;Banten;KOTA CILEGON;KO;CIWANDAN;19000
3;Indonesia;Banten;KOTA CILEGON;KO;GEROGOL;19000
3;Indonesia;Banten;KOTA CILEGON;KO;JOMBANG;19000
3;Indonesia;Banten;KOTA CILEGON;KO;PURWAKARTA;19000
3;Indonesia;Banten;KAB.PANDEGLANG;KO;PANDEGLANG;19000
3;Indonesia;Banten;KAB.LEBAK;KO;RANGKASBITUNG;19000
3;Indonesia;Banten;KOTA SERANG;KO;SERANG;19000
3;Indonesia;Banten;KOTA SERANG;KO;CURUG;19000
3;Indonesia;Banten;KOTA SERANG;KO;KASEMEN;19000
3;Indonesia;Banten;KOTA SERANG;KO;TAKTAKAN;19000
3;Indonesia;Banten;KOTA SERANG;KO;CIPOCOK JAYA;19000
3;Indonesia;Banten;KAB.SERANG;KO;KRAMATWATU;19000
3;Indonesia;Banten;KAB.SERANG;KO;GUNUNGSARI;19000
3;Indonesia;Banten;KAB.SERANG;KO;LEBAK WANGI;19000
3;Indonesia;Jambi;KOTA JAMBI;KO;JAMBI;29000
3;Indonesia;Jambi;KOTA JAMBI;KO;JAMBI SELATAN;29000
3;Indonesia;Jambi;KOTA JAMBI;KO;JAMBI TIMUR;29000
3;Indonesia;Jambi;KOTA JAMBI;KO;JELUTUNG;29000
3;Indonesia;Jambi;KOTA JAMBI;KO;KOTA BARU;29000
3;Indonesia;Jambi;KOTA JAMBI;KO;PASAR JAMBI;29000
3;Indonesia;Jambi;KOTA JAMBI;KO;TELANAIPURA;29000
3;Indonesia;Jawa Barat;KOTA DEPOK;KO;DEPOK;18000
3;Indonesia;Jawa Barat;CIBUBUR;KO;CIBUBUR;18000
3;Indonesia;Jawa Barat;KOTA DEPOK;KO;CIMANGGIS;18000
3;Indonesia;Jawa Barat;KOTA DEPOK;KO;SAWANGAN;18000
3;Indonesia;Jawa Barat;KOTA DEPOK;KO;BEJI;18000
3;Indonesia;Jawa Barat;KOTA DEPOK;KO;LIMO;18000
3;Indonesia;Jawa Barat;KOTA DEPOK;KO;PANCORAN MAS;18000
3;Indonesia;Jawa Barat;KOTA DEPOK;KO;SUKMAJAYA;18000
3;Indonesia;Jawa Barat;KOTA DEPOK;KO;CILODONG;18000
3;Indonesia;Jawa Barat;KOTA DEPOK;KO;TAPOS;18000
3;Indonesia;Jawa Barat;KOTA DEPOK;KO;CIPAYUNG;18000
3;Indonesia;Jawa Barat;KOTA DEPOK;KO;BOJONGSARI;18000
3;Indonesia;Jawa Barat;KOTA DEPOK;KO;CINERE;18000
3;Indonesia;Bali;KOTA DENPASAR;KO;DENPASAR;28000
3;Indonesia;Bali;KOTA DENPASAR;KO;DENPASAR BARAT;28000
3;Indonesia;Bali;KOTA DENPASAR;KO;DENPASAR SELATAN;28000
3;Indonesia;Bali;KOTA DENPASAR;KO;DENPASAR TIMUR;28000
3;Indonesia;Bali;KOTA DENPASAR;KO;DENPASAR UTARA;28000
3;Indonesia;Bali;KAB.BADUNG;KO;KUTA;28000
3;Indonesia;Bali;LEGIAN ;KO;LEGIAN ;28000
3;Indonesia;Bali;NGURAH RAI;KO;NGURAH RAI;28000
3;Indonesia;Bali;SANUR;KO;SANUR;28000
3;Indonesia;Bali;JIMBARAN;KO;JIMBARAN;28000
3;Indonesia;Bali;NUSA DUA;KO;NUSA DUA;28000
3;Indonesia;Bali;KAB.BADUNG;KO;KUTA SELATAN;28000
3;Indonesia;Bali;KAB.BADUNG;KO;KUTA UTARA;28000
3;Indonesia;D.I Yogyakarta;KOTA YOGYAKARTA;KO;YOGYAKARTA;17000
3;Indonesia;D.I Yogyakarta;KOTA YOGYAKARTA;KO;TEGALREJO;17000
3;Indonesia;D.I Yogyakarta;KOTA YOGYAKARTA;KO;JETIS;17000
3;Indonesia;D.I Yogyakarta;KOTA YOGYAKARTA;KO;DANUREJAN;17000
3;Indonesia;D.I Yogyakarta;KOTA YOGYAKARTA;KO;GEDONG TENGEN;17000
3;Indonesia;D.I Yogyakarta;KOTA YOGYAKARTA;KO;GONDOKUSUMAN;17000
3;Indonesia;D.I Yogyakarta;KOTA YOGYAKARTA;KO;GONDOMANAN;17000
3;Indonesia;D.I Yogyakarta;KOTA YOGYAKARTA;KO;KOTAGEDE;17000
3;Indonesia;D.I Yogyakarta;KOTA YOGYAKARTA;KO;KRATON;17000
3;Indonesia;D.I Yogyakarta;KOTA YOGYAKARTA;KO;MANTRIJERON;17000
3;Indonesia;D.I Yogyakarta;KOTA YOGYAKARTA;KO;MERGANGSAN;17000
3;Indonesia;D.I Yogyakarta;KOTA YOGYAKARTA;KO;NGAMPILAN;17000
3;Indonesia;D.I Yogyakarta;KOTA YOGYAKARTA;KO;PAKUALAMAN;17000
3;Indonesia;D.I Yogyakarta;KOTA YOGYAKARTA;KO;UMBULHARJO;17000
3;Indonesia;D.I Yogyakarta;KOTA YOGYAKARTA;KO;WIROBRAJAN;17000
3;Indonesia;D.I Yogyakarta;KAB.BANTUL;KO;BANTUL;17000
3;Indonesia;D.I Yogyakarta;KAB.BANTUL;KO;BAMBANG LIPURO;30000
3;Indonesia;D.I Yogyakarta;KAB.BANTUL;KO;DLINGO;30000
3;Indonesia;D.I Yogyakarta;KAB.BANTUL;KO;IMOGIRI;30000
3;Indonesia;D.I Yogyakarta;KAB.BANTUL;KO;JETIS;30000
3;Indonesia;D.I Yogyakarta;KAB.BANTUL;KO;KRETEK;30000
3;Indonesia;D.I Yogyakarta;KAB.BANTUL;KO;PAJANGAN;30000
3;Indonesia;D.I Yogyakarta;KAB.BANTUL;KO;PANDAK;30000
3;Indonesia;D.I Yogyakarta;KAB.BANTUL;KO;PIYUNGAN;30000
3;Indonesia;D.I Yogyakarta;KAB.BANTUL;KO;PLERET;30000
3;Indonesia;D.I Yogyakarta;KAB.BANTUL;KO;PUNDONG;30000
3;Indonesia;D.I Yogyakarta;KAB.BANTUL;KO;SANDEN;30000
3;Indonesia;D.I Yogyakarta;KAB.BANTUL;KO;SEDAYU;30000
3;Indonesia;D.I Yogyakarta;KAB.BANTUL;KO;SRANDAKAN;30000
3;Indonesia;D.I Yogyakarta;KAB.BANTUL;KO;BANGUNTAPAN;30000
3;Indonesia;D.I Yogyakarta;KAB.BANTUL;KO;KASIHAN;30000
3;Indonesia;D.I Yogyakarta;KAB.BANTUL;KO;SEWON;30000
3;Indonesia;D.I Yogyakarta;KAB.SLEMAN;KO;SLEMAN;17000
3;Indonesia;D.I Yogyakarta;KAB.SLEMAN;KO;BERBAH;30000
3;Indonesia;D.I Yogyakarta;KAB.SLEMAN;KO;CANGKRINGAN;30000
3;Indonesia;D.I Yogyakarta;KAB.SLEMAN;KO;GODEAN;30000
3;Indonesia;D.I Yogyakarta;KAB.SLEMAN;KO;KALASAN;30000
3;Indonesia;D.I Yogyakarta;KAB.SLEMAN;KO;MINGGIR;30000
3;Indonesia;D.I Yogyakarta;KAB.SLEMAN;KO;MOYUDAN;30000
3;Indonesia;D.I Yogyakarta;KAB.SLEMAN;KO;NGAGLIK;30000
3;Indonesia;D.I Yogyakarta;KAB.SLEMAN;KO;NGEMPLAK;30000
3;Indonesia;D.I Yogyakarta;KAB.SLEMAN;KO;PAKEM;30000
3;Indonesia;D.I Yogyakarta;KAB.SLEMAN;KO;PRAMBANAN;17000
3;Indonesia;D.I Yogyakarta;KAB.SLEMAN;KO;SEYEGAN;30000
3;Indonesia;D.I Yogyakarta;KAB.SLEMAN;KO;TEMPEL;30000
3;Indonesia;D.I Yogyakarta;KAB.SLEMAN;KO;TURI;30000
3;Indonesia;D.I Yogyakarta;KAB.SLEMAN;KO;DEPOK;30000
3;Indonesia;D.I Yogyakarta;KAB.SLEMAN;KO;GAMPING;30000
3;Indonesia;D.I Yogyakarta;KAB.SLEMAN;KO;MLATI;30000
3;Indonesia;D.I Yogyakarta;KAB.KULON PROGO;KO;WATES;24000
3;Indonesia;D.I Yogyakarta;KAB.GUNUNG KIDUL;KO;WONOSARI;24000
3;Indonesia;Jawa Timur;KOTA KEDIRI;KO;KEDIRI KOTA;30000
3;Indonesia;Jawa Timur;KOTA KEDIRI;KO;MOJOROTO;30000
3;Indonesia;Jawa Timur;KOTA KEDIRI;KO;PESANTREN;30000
3;Indonesia;Jawa Barat;KAB.KARAWANG;KO;KARAWANG;18000
3;Indonesia;Jawa Barat;KAB.KARAWANG;KO;CIKAMPEK;18000
3;Indonesia;Jawa Barat;KAB.KARAWANG;KO;KLARI;18000
3;Indonesia;Jawa Barat;KAB.KARAWANG;KO;TELUKJAMBE BARAT;18000
3;Indonesia;Jawa Barat;KAB.KARAWANG;KO;KARAWANG BARAT;18000
3;Indonesia;Jawa Barat;KAB.KARAWANG;KO;KARAWANG TIMUR;18000
3;Indonesia;Jawa Barat;KAB.KARAWANG;KO;KOTABARU;18000
3;Indonesia;Jawa Barat;KAB.KARAWANG;KO;PURWASARI;18000
3;Indonesia;Jawa Barat;KAB.KARAWANG;KO;TELUKJAMBE TIMUR;18000
3;Indonesia;Sumatera Utara;KOTA MEDAN;KO;MEDAN;36000
3;Indonesia;Sumatera Utara;KOTA MEDAN;KO;MEDAN AMPLAS;36000
3;Indonesia;Sumatera Utara;KOTA MEDAN;KO;MEDAN AREA;36000
3;Indonesia;Sumatera Utara;KOTA MEDAN;KO;MEDAN BARAT;36000
3;Indonesia;Sumatera Utara;KOTA MEDAN;KO;MEDAN BARU;36000
3;Indonesia;Sumatera Utara;KOTA MEDAN;KO;MEDAN DENAI;36000
3;Indonesia;Sumatera Utara;KOTA MEDAN;KO;MEDAN HELVETIA;36000
3;Indonesia;Sumatera Utara;KOTA MEDAN;KO;MEDAN JOHOR;36000
3;Indonesia;Sumatera Utara;KOTA MEDAN;KO;MEDAN KOTA;36000
3;Indonesia;Sumatera Utara;KOTA MEDAN;KO;MEDAN MAIMUN;36000
3;Indonesia;Sumatera Utara;KOTA MEDAN;KO;MEDAN PERJUANGAN;36000
3;Indonesia;Sumatera Utara;KOTA MEDAN;KO;MEDAN PETISAH;36000
3;Indonesia;Sumatera Utara;KOTA MEDAN;KO;MEDAN POLONIA;36000
3;Indonesia;Sumatera Utara;KOTA MEDAN;KO;MEDAN TIMUR;36000
3;Indonesia;Jawa Tengah;KOTA MAGELANG;KO;MAGELANG;17000
3;Indonesia;Jawa Tengah;KOTA MAGELANG;KO;MAGELANG SELATAN;17000
3;Indonesia;Jawa Tengah;KOTA MAGELANG;KO;MAGELANG TENGAH;17000
3;Indonesia;Jawa Tengah;KOTA MAGELANG;KO;MAGELANG UTARA;17000
3;Indonesia;Jawa Timur;KAB.MOJOKERTO;KO;MOJOKERTO;30000
3;Indonesia;Jawa Timur;KOTA MOJOKERTO;KO;MAGERSARI;30000
3;Indonesia;Jawa Timur;KOTA MOJOKERTO;KO;PRAJURIT KULON;30000
3;Indonesia;Jawa Timur;KOTA MALANG;KO;MALANG;30000
3;Indonesia;Jawa Timur;KOTA MALANG;KO;BLIMBING;30000
3;Indonesia;Jawa Timur;KOTA MALANG;KO;KEDUNGKANDANG;30000
3;Indonesia;Jawa Timur;KOTA MALANG;KO;KLOJEN;30000
3;Indonesia;Jawa Timur;KOTA MALANG;KO;LOWOKWARU;30000
3;Indonesia;Jawa Timur;KOTA MALANG;KO;SUKUN;30000
3;Indonesia;Jawa Timur;KAB.MALANG;KO;DAU;47000
3;Indonesia;Jawa Timur;KAB.MALANG;KO;SINGOSARI;47000
3;Indonesia;Jawa Timur;KOTA PROBOLINGGO;KO;PROBOLINGGO;30000
3;Indonesia;Jawa Timur;KOTA PROBOLINGGO ;KO;KADEMANGAN;30000
3;Indonesia;Jawa Timur;KOTA PROBOLINGGO ;KO;MAYANGAN;30000
3;Indonesia;Jawa Timur;KOTA PROBOLINGGO ;KO;WONOASIH;30000
3;Indonesia;Jawa Timur;KOTA PROBOLINGGO ;KO;KEDOPOK (KEDOPAK);30000
3;Indonesia;Jawa Timur;KOTA PROBOLINGGO ;KO;KANIGARAN;30000
3;Indonesia;Sumatera Barat;KOTA PADANG;KO;PADANG;31000
3;Indonesia;Sumatera Barat;KOTA PADANG;KO;BUNGUS TELUK KABUNG;31000
3;Indonesia;Sumatera Barat;KOTA PADANG;KO;KOTO TANGAH;31000
3;Indonesia;Sumatera Barat;KOTA PADANG;KO;KURANJI;31000
3;Indonesia;Sumatera Barat;KOTA PADANG;KO;LUBUK BEGALUNG;31000
3;Indonesia;Sumatera Barat;KOTA PADANG;KO;LUBUK KILANGAN;31000
3;Indonesia;Sumatera Barat;KOTA PADANG;KO;NANGGALO;31000
3;Indonesia;Sumatera Barat;KOTA PADANG;KO;PADANG BARAT;31000
3;Indonesia;Sumatera Barat;KOTA PADANG;KO;PADANG SELATAN;31000
3;Indonesia;Sumatera Barat;KOTA PADANG;KO;PADANG TIMUR;31000
3;Indonesia;Sumatera Barat;KOTA PADANG;KO;PADANG UTARA;31000
3;Indonesia;Sumatera Barat;KOTA PADANG;KO;PAUH;31000
3;Indonesia;Kep. Bangka Belitung;KOTA PANGKAL PINANG;KO;PANGKAL PINANG;30000
3;Indonesia;Kep. Bangka Belitung;KOTA PANGKAL PINANG;KO;RANGKUI;30000
3;Indonesia;Kep. Bangka Belitung;KOTA PANGKAL PINANG;KO;BUKIT INTAN;30000
3;Indonesia;Kep. Bangka Belitung;KOTA PANGKAL PINANG;KO;PANGKAL BALAM;30000
3;Indonesia;Kep. Bangka Belitung;KOTA PANGKAL PINANG;KO;GERUNGGANG;30000
3;Indonesia;Kep. Bangka Belitung;KOTA PANGKAL PINANG;KO;TAMAN SARI;30000
3;Indonesia;Kep. Bangka Belitung;KOTA PANGKAL PINANG;KO;GIRIMAYA;30000
3;Indonesia;Kep. Bangka Belitung;KOTA PANGKAL PINANG;KO;GABEK;30000
3;Indonesia;Kep. Bangka Belitung;KAB.BANGKA TENGAH;KO;PANGKALAN BARU;48000
3;Indonesia;Riau;KOTA PEKANBARU;KO;PEKANBARU KOTA;31000
3;Indonesia;Riau;KOTA PEKANBARU;KO;PAYUNG SEKAKI;31000
3;Indonesia;Riau;KOTA PEKANBARU;KO;LIMA PULUH;31000
3;Indonesia;Riau;KOTA PEKANBARU;KO;MARPOYAN DAMAI;31000
3;Indonesia;Riau;KOTA PEKANBARU;KO;SAIL;31000
3;Indonesia;Riau;KOTA PEKANBARU;KO;SENAPELAN;31000
3;Indonesia;Riau;KOTA PEKANBARU;KO;SUKAJADI;31000
3;Indonesia;Riau;KOTA PEKANBARU;KO;BUKIT RAYA;31000
3;Indonesia;Riau;KOTA PEKANBARU;KO;TAMPAN;31000
3;Indonesia;Riau;KOTA PEKANBARU;KO;RUMBAI PESISIR;31000
3;Indonesia;Riau;KOTA PEKANBARU;KO;TENAYAN RAYA;31000
3;Indonesia;Riau;KOTA PEKANBARU;KO;RUMBAI;47000
3;Indonesia;Kalimantan Tengah;KOTA PALANGKARAYA;KO;PALANGKARAYA;39000
3;Indonesia;Kalimantan Tengah;KOTA PALANGKA RAYA ;KO;JEKAN RAYA;39000
3;Indonesia;Kalimantan Tengah;KOTA PALANGKA RAYA ;KO;PAHANDUT;39000
3;Indonesia;Sumatra Selatan;KOTA PALEMBANG;KO;PALEMBANG;29000
3;Indonesia;Sumatra Selatan;KOTA PALEMBANG;KO;ALANG-ALANG LEBAR;29000
3;Indonesia;Sumatra Selatan;KOTA PALEMBANG;KO;BUKIT KECIL;29000
3;Indonesia;Sumatra Selatan;KOTA PALEMBANG;KO;GANDUS;29000
3;Indonesia;Sumatra Selatan;KOTA PALEMBANG;KO;ILIR BARAT I;29000
3;Indonesia;Sumatra Selatan;KOTA PALEMBANG;KO;ILIR BARAT II;29000
3;Indonesia;Sumatra Selatan;KOTA PALEMBANG;KO;ILIR TIMUR I;29000
3;Indonesia;Sumatra Selatan;KOTA PALEMBANG;KO;ILIR TIMUR II;29000
3;Indonesia;Sumatra Selatan;KOTA PALEMBANG;KO;KALIDONI;29000
3;Indonesia;Sumatra Selatan;KOTA PALEMBANG;KO;KEMUNING;29000
3;Indonesia;Sumatra Selatan;KOTA PALEMBANG;KO;KERTAPATI;29000
3;Indonesia;Sumatra Selatan;KOTA PALEMBANG;KO;SAKO;29000
3;Indonesia;Sumatra Selatan;KOTA PALEMBANG;KO;SEBERANG ULU I;29000
3;Indonesia;Sumatra Selatan;KOTA PALEMBANG;KO;SEBERANG ULU II;29000
3;Indonesia;Sumatra Selatan;KOTA PALEMBANG;KO;SUKARAMI;29000
3;Indonesia;Kalimantan Barat;KOTA PONTIANAK;KO;PONTIANAK;36000
3;Indonesia;Kalimantan Barat;KOTA PONTIANAK ;KO;PONTIANAK BARAT;36000
3;Indonesia;Kalimantan Barat;KOTA PONTIANAK ;KO;PONTIANAK KOTA;36000
3;Indonesia;Kalimantan Barat;KOTA PONTIANAK ;KO;PONTIANAK SELATAN;36000
3;Indonesia;Kalimantan Barat;KOTA PONTIANAK ;KO;PONTIANAK TENGGARA;36000
3;Indonesia;Kalimantan Barat;KOTA PONTIANAK ;KO;PONTIANAK UTARA;36000
3;Indonesia;Kalimantan Barat;SUI RAYA;KO;SUI RAYA;63000
3;Indonesia;Kalimantan Timur;KAB.MAHAKAM ULU ;KO;LAHAM;30000
3;Indonesia;Jawa Timur;KOTA PASURUAN;KO;BUGUL KIDUL;30000
3;Indonesia;Jawa Timur;KOTA PASURUAN;KO;GADINGREJO;30000
3;Indonesia;Jawa Timur;KOTA PASURUAN;KO;PURWOREJO;30000
3;Indonesia;Jawa Barat;KAB.SUKABUMI;KO;SUKABUMI;18000
3;Indonesia;Jawa Barat;KOTA SUKABUMI;KO;BAROS;18000
3;Indonesia;Jawa Barat;KAB.SUKABUMI;KO;CISAAT;18000
3;Indonesia;Jawa Barat;KAB.SUKABUMI;KO;SUKARAJA;18000
3;Indonesia;Jawa Barat;KOTA SUKABUMI;KO;LEMBURSITU;18000
3;Indonesia;Jawa Barat;KOTA SUKABUMI;KO;CIKOLE;18000
3;Indonesia;Jawa Barat;KOTA SUKABUMI;KO;CITAMIANG;18000
3;Indonesia;Jawa Barat;KOTA SUKABUMI;KO;GUNUNG PUYUH;18000
3;Indonesia;Jawa Barat;KOTA SUKABUMI;KO;WARUDOYONG;18000
3;Indonesia;Jawa Barat;KOTA SUKABUMI;KO;CIBEUREUM;18000
3;Indonesia;Jawa Tengah;KOTA SURAKARTA;KO;SOLO;17000
3;Indonesia;Jawa Tengah;KOTA SURAKARTA;KO;BANJARSARI;17000
3;Indonesia;Jawa Tengah;KOTA SURAKARTA;KO;JEBRES;17000
3;Indonesia;Jawa Tengah;KOTA SURAKARTA;KO;LAWEYAN;17000
3;Indonesia;Jawa Tengah;KOTA SURAKARTA;KO;PASAR KLIWON;17000
3;Indonesia;Jawa Tengah;KOTA SURAKARTA;KO;SERENGAN;17000
3;Indonesia;Jawa Tengah;KAB.BOYOLALI;KO;BOYOLALI;24000
3;Indonesia;Jawa Tengah;KAB.KARANGANYAR;KO;KARANGANYAR;24000
3;Indonesia;Jawa Tengah;KAB.KARANGANYAR;KO;COLOMADU;30000
3;Indonesia;Jawa Tengah;KLATEN;KO;KLATEN;24000
3;Indonesia;Jawa Tengah;KAB.KLATEN;KO;KLATEN SELATAN;30000
3;Indonesia;Jawa Tengah;KAB.KLATEN;KO;KLATEN TENGAH;30000
3;Indonesia;Jawa Tengah;KAB.KLATEN;KO;KLATEN UTARA;30000
3;Indonesia;Jawa Tengah;KAB.SRAGEN;KO;SRAGEN;24000
3;Indonesia;Jawa Tengah;KAB.SUKOHARJO;KO;SUKOHARJO;24000
3;Indonesia;Jawa Tengah;KAB.SUKOHARJO;KO;KARTASURA;24000
3;Indonesia;Jawa Tengah;KAB.WONOGIRI;KO;WONOGIRI;24000
3;Indonesia;Jawa Tengah;KOTA SEMARANG;KO;SEMARANG;17000
3;Indonesia;Jawa Tengah;KOTA SEMARANG;KO;BANYUMANIK;17000
3;Indonesia;Jawa Tengah;KOTA SEMARANG;KO;CANDISARI;17000
3;Indonesia;Jawa Tengah;KOTA SEMARANG;KO;GAJAH MUNGKUR;17000
3;Indonesia;Jawa Tengah;KOTA SEMARANG;KO;GAYAMSARI;17000
3;Indonesia;Jawa Tengah;KOTA SEMARANG;KO;GENUK;17000
3;Indonesia;Jawa Tengah;KOTA SEMARANG;KO;GUNUNGPATI;17000
3;Indonesia;Jawa Tengah;KOTA SEMARANG;KO;MIJEN;17000
3;Indonesia;Jawa Tengah;KOTA SEMARANG;KO;NGALIYAN;17000
3;Indonesia;Jawa Tengah;KOTA SEMARANG;KO;PEDURUNGAN;17000
3;Indonesia;Jawa Tengah;KOTA SEMARANG;KO;SEMARANG BARAT;17000
3;Indonesia;Jawa Tengah;KOTA SEMARANG;KO;SEMARANG SELATAN;17000
3;Indonesia;Jawa Tengah;KOTA SEMARANG;KO;SEMARANG TENGAH;17000
3;Indonesia;Jawa Tengah;KOTA SEMARANG;KO;SEMARANG TIMUR;17000
3;Indonesia;Jawa Tengah;KOTA SEMARANG;KO;SEMARANG UTARA;17000
3;Indonesia;Jawa Tengah;KOTA SEMARANG;KO;TEMBALANG;17000
3;Indonesia;Jawa Tengah;KOTA SEMARANG;KO;TUGU;17000
3;Indonesia;Jawa Tengah;KAB.KUDUS;KO;KUDUS KOTA;24000
3;Indonesia;Jawa Tengah;KAB.KUDUS;KO;JATI;30000
3;Indonesia;Jawa Tengah;KAB.KUDUS;KO;KALIWUNGU;30000
3;Indonesia;Jawa Tengah;KAB.KENDAL;KO;KENDAL;24000
3;Indonesia;Jawa Tengah;KAB.KENDAL;KO;CEPIRING;30000
3;Indonesia;Jawa Tengah;KAB.KENDAL;KO;PATEBON;30000
3;Indonesia;Jawa Tengah;KAB.KENDAL;KO;WELERI;30000
3;Indonesia;Jawa Tengah;SALATIGA;KO;SALATIGA;24000
3;Indonesia;Jawa Tengah;KOTA SALATIGA;KO;ARGOMULYO;24000
3;Indonesia;Jawa Tengah;KOTA SALATIGA;KO;SIDOMUKTI;24000
3;Indonesia;Jawa Tengah;KOTA SALATIGA;KO;SIDOREJO;24000
3;Indonesia;Jawa Tengah;KOTA SALATIGA;KO;TINGKIR;24000
3;Indonesia;Jawa Tengah;UNGARAN;KO;UNGARAN;17000
3;Indonesia;Jawa Tengah;KAB.SEMARANG;KO;AMBARAWA;24000
3;Indonesia;Jawa Tengah;KAB.SEMARANG;KO;BERGAS;30000
3;Indonesia;Jawa Tengah;KAB.SEMARANG;KO;PRINGAPUS;30000
3;Indonesia;Jawa Tengah;KAB.SEMARANG;KO;UNGARAN BARAT;17000
3;Indonesia;Jawa Tengah;KAB.SEMARANG;KO;UNGARAN TIMUR;17000
3;Indonesia;Jawa Timur;KOTA SURABAYA;KO;SURABAYA;25000
3;Indonesia;Jawa Timur;KOTA SURABAYA ;KO;ASEMROWO;25000
3;Indonesia;Jawa Timur;KOTA SURABAYA ;KO;BUBUTAN;25000
3;Indonesia;Jawa Timur;KOTA SURABAYA ;KO;BULAK;25000
3;Indonesia;Jawa Timur;KOTA SURABAYA ;KO;DUKUH PAKIS;25000
3;Indonesia;Jawa Timur;KOTA SURABAYA ;KO;GAYUNGAN;25000
3;Indonesia;Jawa Timur;KOTA SURABAYA ;KO;GENTENG;25000
3;Indonesia;Jawa Timur;KOTA SURABAYA ;KO;GUBENG;25000
3;Indonesia;Jawa Timur;KOTA SURABAYA ;KO;GUNUNGANYAR;25000
3;Indonesia;Jawa Timur;KOTA SURABAYA ;KO;JAMBANGAN;25000
3;Indonesia;Jawa Timur;KOTA SURABAYA ;KO;KARANGPILANG;25000
3;Indonesia;Jawa Timur;KOTA SURABAYA ;KO;KENJERAN;25000
3;Indonesia;Jawa Timur;KOTA SURABAYA ;KO;KREMBANGAN;25000
3;Indonesia;Jawa Timur;KOTA SURABAYA ;KO;LAKARSANTRI;25000
3;Indonesia;Jawa Timur;KOTA SURABAYA ;KO;MULYOREJO;25000
3;Indonesia;Jawa Timur;KOTA SURABAYA ;KO;PABEAN CANTIKAN;25000
3;Indonesia;Jawa Timur;KOTA SURABAYA ;KO;PAKAL;25000
3;Indonesia;Jawa Timur;KOTA SURABAYA ;KO;RUNGKUT;25000
3;Indonesia;Jawa Timur;KOTA SURABAYA ;KO;SAMBIKEREP;25000
3;Indonesia;Jawa Timur;KOTA SURABAYA ;KO;SAWAHAN;25000
3;Indonesia;Jawa Timur;KOTA SURABAYA ;KO;SEMAMPIR;25000
3;Indonesia;Jawa Timur;KOTA SURABAYA ;KO;SIMOKERTO;25000
3;Indonesia;Jawa Timur;KOTA SURABAYA ;KO;SUKOLILO;25000
3;Indonesia;Jawa Timur;KOTA SURABAYA ;KO;SUKOMANUNGGAL;25000
3;Indonesia;Jawa Timur;KOTA SURABAYA ;KO;TAMBAKSARI;25000
3;Indonesia;Jawa Timur;KOTA SURABAYA ;KO;TANDES;25000
3;Indonesia;Jawa Timur;KOTA SURABAYA ;KO;TEGALSARI;25000
3;Indonesia;Jawa Timur;KOTA SURABAYA ;KO;TENGGILIS MEJOYO;25000
3;Indonesia;Jawa Timur;KOTA SURABAYA ;KO;WIYUNG;25000
3;Indonesia;Jawa Timur;KOTA SURABAYA ;KO;WONOCOLO;25000
3;Indonesia;Jawa Timur;KOTA SURABAYA ;KO;WONOKROMO;25000
3;Indonesia;Jawa Timur;KAB.SIDOARJO ;KO;SIDOARJO;25000
3;Indonesia;Jawa Timur;KAB.SIDOARJO ;KO;BUDURAN;25000
3;Indonesia;Jawa Timur;KAB.SIDOARJO ;KO;CANDI;25000
3;Indonesia;Jawa Timur;KAB.SIDOARJO ;KO;GEDANGAN;25000
3;Indonesia;Jawa Timur;KAB.SIDOARJO ;KO;SEDATI;25000
3;Indonesia;Jawa Timur;KAB.SIDOARJO ;KO;SUKODONO;25000
3;Indonesia;Jawa Timur;KAB.SIDOARJO ;KO;WARU;25000
3;Indonesia;Jawa Timur;KAB.SIDOARJO ;KO;KRIAN;25000
3;Indonesia;Jawa Timur;KAB.SIDOARJO ;KO;TAMAN;25000
3;Indonesia;Jawa Timur;KAB.SIDOARJO ;KO;BALONGBENDO;30000
3;Indonesia;Jawa Timur;KAB.SIDOARJO ;KO;TARIK;30000
3;Indonesia;Jawa Timur;KAB.SIDOARJO ;KO;PRAMBON;30000
3;Indonesia;Banten;KOTA TANGERANG;KO;TANGERANG;18000
3;Indonesia;Banten;KOTA TANGERANG;KO;CILEDUG;18000
3;Indonesia;Banten;KOTA TANGERANG;KO;BATUCEPER;18000
3;Indonesia;Banten;KOTA TANGERANG;KO;BENDA;18000
3;Indonesia;Banten;KOTA TANGERANG;KO;CIBODAS;18000
3;Indonesia;Banten;KOTA TANGERANG;KO;CIPONDOH;18000
3;Indonesia;Banten;KOTA TANGERANG;KO;JATIUWUNG;18000
3;Indonesia;Banten;KARANGTENGAH ;KO;KARANGTENGAH ;18000
3;Indonesia;Banten;KOTA TANGERANG;KO;KARAWACI;18000
3;Indonesia;Banten;KOTA TANGERANG;KO;LARANGAN;18000
3;Indonesia;Banten;KOTA TANGERANG;KO;NEGLASARI;18000
3;Indonesia;Banten;KOTA TANGERANG;KO;PERIUK;18000
3;Indonesia;Banten;KOTA TANGERANG;KO;PINANG (PENANG);18000
3;Indonesia;Banten;KOTA TANGERANG;KO;KARANG TENGAH;18000
3;Indonesia;Banten;KAB.TANGERANG;KO;TIGARAKSA;18000
3;Indonesia;Banten;KAB.TANGERANG;KO;BALARAJA;18000
3;Indonesia;Banten;KAB.TANGERANG;KO;CIKUPA;18000
3;Indonesia;Banten;KAB.TANGERANG;KO;CISOKA;18000
3;Indonesia;Banten;KAB.TANGERANG;KO;CURUG;18000
3;Indonesia;Banten;KAB.TANGERANG;KO;LEGOK;18000
3;Indonesia;Banten;KAB.TANGERANG;KO;PASAR KEMIS;18000
3;Indonesia;Banten;KAB.TANGERANG;KO;PAKUHAJI;18000
3;Indonesia;Banten;KAB.TANGERANG;KO;RAJEG;18000
3;Indonesia;Banten;KAB.TANGERANG;KO;SEPATAN;18000
3;Indonesia;Banten;KOTA TANGERANG SELATAN;KO;SERPONG;18000
3;Indonesia;Banten;KAB.TANGERANG;KO;TELUKNAGA;18000
3;Indonesia;Banten;KOTA TANGERANG SELATAN;KO;PONDOK AREN;18000
3;Indonesia;Banten;KOTA TANGERANG SELATAN;KO;PAMULANG;18000
3;Indonesia;Banten;KOTA TANGERANG SELATAN;KO;CIPUTAT;18000
3;Indonesia;Banten;KAB.TANGERANG;KO;CISAUK;18000
3;Indonesia;Banten;KAB.TANGERANG;KO;KOSAMBI;18000
3;Indonesia;Banten;KAB.TANGERANG;KO;PAGEDANGAN;18000
3;Indonesia;Banten;KAB.TANGERANG;KO;PANONGAN;18000
3;Indonesia;Banten;KAB.TANGERANG;KO;SUKADIRI;18000
3;Indonesia;Banten;KAB.TANGERANG;KO;SUKAMULYA;18000
3;Indonesia;Banten;KAB.TANGERANG;KO;SOLEAR;18000
3;Indonesia;Banten;KAB.TANGERANG;KO;SINDANG JAYA;18000
3;Indonesia;Banten;KOTA TANGERANG SELATAN;KO;SETU;18000
3;Indonesia;Banten;KOTA TANGERANG SELATAN;KO;SERPONG UTARA;18000
3;Indonesia;Banten;KAB.TANGERANG;KO;SEPATAN TIMUR;18000
3;Indonesia;Banten;KAB.TANGERANG;KO;GUNUNG KALER;18000
3;Indonesia;Banten;KOTA TANGERANG SELATAN;KO;CIPUTAT TIMUR;18000
3;Indonesia;Lampung;KOTA BANDAR LAMPUNG;KO;BANDAR LAMPUNG;26000
3;Indonesia;Lampung;KOTA BANDAR LAMPUNG ;KO;KEDATON;26000
3;Indonesia;Lampung;KOTA BANDAR LAMPUNG ;KO;KEMILING;26000
3;Indonesia;Lampung;KOTA BANDAR LAMPUNG ;KO;PANJANG;26000
3;Indonesia;Lampung;KOTA BANDAR LAMPUNG ;KO;RAJABASA;26000
3;Indonesia;Lampung;KOTA BANDAR LAMPUNG ;KO;SUKABUMI;26000
3;Indonesia;Lampung;KOTA BANDAR LAMPUNG ;KO;SUKARAME;26000
3;Indonesia;Lampung;KOTA BANDAR LAMPUNG ;KO;TANJUNG KARANG BARAT;26000
3;Indonesia;Lampung;KOTA BANDAR LAMPUNG ;KO;TANJUNG KARANG PUSAT;26000
3;Indonesia;Lampung;KOTA BANDAR LAMPUNG ;KO;TANJUNG KARANG TIMUR;26000
3;Indonesia;Lampung;KOTA BANDAR LAMPUNG ;KO;TANJUNG SENANG;26000
3;Indonesia;Lampung;KOTA BANDAR LAMPUNG ;KO;TELUKBETUNG BARAT;26000
3;Indonesia;Lampung;KOTA BANDAR LAMPUNG ;KO;TELUKBETUNG SELATAN;26000
3;Indonesia;Lampung;KOTA BANDAR LAMPUNG ;KO;TELUKBETUNG UTARA;26000
3;Indonesia;Lampung;KOTA BANDAR LAMPUNG ;KO;BUMI WARAS;26000
3;Indonesia;Lampung;KOTA BANDAR LAMPUNG ;KO;ENGGAL;26000
3;Indonesia;Lampung;KOTA BANDAR LAMPUNG ;KO;KEDAMAIAN;26000
3;Indonesia;Lampung;KOTA BANDAR LAMPUNG ;KO;LANGKAPURA;26000
3;Indonesia;Lampung;KOTA BANDAR LAMPUNG ;KO;TELUKBETUNG TIMUR;26000
3;Indonesia;Lampung;KOTA BANDAR LAMPUNG ;KO;WAY HALIM;26000
3;Indonesia;Lampung;KOTA BANDAR LAMPUNG ;KO;LABUHAN RATU;26000
3;Indonesia;Jawa Barat;KOTA TASIKMALAYA;KO;TASIKMALAYA;18000
3;Indonesia;Jawa Barat;KOTA TASIKMALAYA;KO;CIBEUREUM;18000
3;Indonesia;Jawa Barat;KOTA TASIKMALAYA;KO;INDIHIANG;18000
3;Indonesia;Jawa Barat;KOTA TASIKMALAYA;KO;KAWALU;18000
3;Indonesia;Jawa Barat;KOTA TASIKMALAYA;KO;CIHIDEUNG;18000
3;Indonesia;Jawa Barat;KOTA TASIKMALAYA;KO;CIPEDES;18000
3;Indonesia;Jawa Barat;KOTA TASIKMALAYA;KO;MANGKUBUMI;18000
3;Indonesia;Jawa Barat;KOTA TASIKMALAYA;KO;TAMANSARI;18000
3;Indonesia;Jawa Barat;KOTA TASIKMALAYA;KO;TAWANG;18000
3;Indonesia;Jawa Barat;KOTA TASIKMALAYA;KO;BUNGURSARI;18000
3;Indonesia;Jawa Barat;KOTA TASIKMALAYA;KO;PURBARATU;18000
3;Indonesia;Jawa Barat;KAB.CIAMIS;KO;CIAMIS;18000
3;Indonesia;Sulawesi Selatan;KOTA MAKASSAR;KO;UJUNG PANDANG;37000
3;Indonesia;Sulawesi Selatan;KOTA MAKASSAR;KO;TAMALATE;37000
3;Indonesia;Sulawesi Selatan;KOTA MAKASSAR;KO;BIRING KANAYA;37000
3;Indonesia;Sulawesi Selatan;KOTA MAKASSAR;KO;BONTOALA;37000
3;Indonesia;Sulawesi Selatan;KOTA MAKASSAR;KO;MAMAJANG;37000
3;Indonesia;Sulawesi Selatan;KOTA MAKASSAR;KO;MANGGALA;37000
3;Indonesia;Sulawesi Selatan;KOTA MAKASSAR;KO;MARISO;37000
3;Indonesia;Sulawesi Selatan;KOTA MAKASSAR;KO;PANAKKUKANG;37000
3;Indonesia;Sulawesi Selatan;KOTA MAKASSAR;KO;RAPPOCINI;37000
3;Indonesia;Sulawesi Selatan;KOTA MAKASSAR;KO;TALLO;37000
3;Indonesia;Sulawesi Selatan;KOTA MAKASSAR;KO;TAMALANREA;37000
3;Indonesia;Sulawesi Selatan;KOTA MAKASSAR;KO;UJUNG TANAH;37000
3;Indonesia;Sulawesi Selatan;KOTA MAKASSAR;KO;WAJO;37000
3;Indonesia;Sulawesi Selatan;KOTA MAKASSAR;KO;MAKASSAR;37000
